rank,graph6,n,edges,alpha,theta_hi,delta_hi,theta_bulk,solver_diff,pr_hi,status_hi,chi_comp
1,ICRb`yiu?,10,20,3,3.7071067934,0.7071067934,3.7071068006,7.227e-09,1.562e-09,optimal,4
2,ICQeR`[Mg,10,19,3,3.6671550785,0.6671550785,3.6671550624,1.608e-08,1.637e-09,optimal,4
3,ICRbcqhNO,10,20,3,3.6666667242,0.6666667242,3.6666666601,6.404e-08,3.888e-09,optimal,4
4,ICQ`fP[r_,10,19,3,3.6666667139,0.6666667139,3.6666666793,3.453e-08,3.840e-09,optimal,4
5,ICRbdO{xG,10,20,3,3.6666667117,0.6666667117,3.6666666829,2.874e-08,4.144e-09,optimal,4
6,ICRbdO{|g,10,22,3,3.6666667040,0.6666667040,3.6666666813,2.265e-08,3.984e-09,optimal,4
7,ICRbdO{z_,10,21,3,3.6666666979,0.6666666979,3.6666666643,3.364e-08,5.811e-09,optimal,4
8,ICRbdO{~o,10,23,3,3.6666666971,0.6666666971,3.6666667096,1.250e-08,3.128e-09,optimal,4
9,ICRbdO{~w,10,24,3,3.6666666947,0.6666666947,3.6666666682,2.651e-08,3.067e-09,optimal,4
10,ICRbdO{}_,10,21,3,3.6666666910,0.6666666910,3.6666666823,8.777e-09,2.577e-09,optimal,4
11,ICRbdO{}o,10,22,3,3.6666666902,0.6666666902,3.6666667067,1.651e-08,3.204e-09,optimal,4
12,ICRbdO{~G,10,22,3,3.6666666858,0.6666666858,3.6666666759,9.959e-09,2.648e-09,optimal,4
13,ICRbdO{^_,10,21,3,3.6666666857,0.6666666857,3.6666666643,2.137e-08,1.599e-09,optimal,4
14,ICRbdO{|G,10,21,3,3.6666666816,0.6666666816,3.6666666739,7.655e-09,2.324e-09,optimal,4
15,ICRbdO{u_,10,20,3,3.6666666814,0.6666666814,3.6666666802,1.215e-09,2.027e-09,optimal,4
16,ICRbdO{~_,10,22,3,3.6666666791,0.6666666791,3.6666666822,3.110e-09,1.135e-09,optimal,4
17,ICRbdO{zg,10,22,3,3.6666666790,0.6666666790,3.6666666759,3.099e-09,1.682e-09,optimal,4
18,ICRbdO{x_,10,20,3,3.6666666783,0.6666666783,3.6666666537,2.463e-08,1.378e-09,optimal,4
19,ICRbdO{{_,10,20,3,3.6666666759,0.6666666759,3.6666666606,1.533e-08,1.158e-09,optimal,4
20,ICRbdO{xo,10,21,3,3.6666666750,0.6666666750,3.6666666720,2.990e-09,8.734e-10,optimal,4
21,ICQbfP[r_,10,20,3,3.6666666744,0.6666666744,3.6666666536,2.084e-08,7.113e-10,optimal,4
22,ICRbdO{lg,10,21,3,3.6666666743,0.6666666743,3.6666666818,7.501e-09,9.045e-10,optimal,4
23,ICRbcqhN?,10,19,3,3.6666666741,0.6666666741,3.6666666665,7.615e-09,1.873e-09,optimal,4
24,ICRbdO{|_,10,21,3,3.6666666737,0.6666666737,3.6666666760,2.288e-09,8.887e-10,optimal,4
25,ICRbdO{lG,10,20,3,3.6666666729,0.6666666729,3.6666666791,6.151e-09,5.107e-10,optimal,4
26,ICRbdO{~g,10,23,3,3.6666666725,0.6666666725,3.6666666690,3.511e-09,6.429e-10,optimal,4
27,ICRbdO{|o,10,22,3,3.6666666706,0.6666666706,3.6666666647,5.969e-09,4.523e-10,optimal,4
28,ICRbdO{\_,10,20,3,3.6666666703,0.6666666703,3.6666666599,1.046e-08,6.801e-10,optimal,4
29,ICRbdO{v_,10,21,3,3.6666666689,0.6666666689,3.6666666724,3.511e-09,2.466e-10,optimal,4
30,ICRbdO{uo,10,21,3,3.6666666672,0.6666666672,3.6666666784,1.119e-08,3.687e-10,optimal,4
31,ICRb`yi}?,10,21,3,3.6364050017,0.6364050017,3.6364049346,6.712e-08,4.285e-09,optimal,4
32,ICQbfP[MW,10,20,3,3.6272019564,0.6272019564,3.6272019418,1.453e-08,3.800e-09,optimal,4
33,ICQbdp[r_,10,20,3,3.6180934560,0.6180934560,3.6180934427,1.330e-08,3.213e-10,optimal,4
34,ICRb`yiHw,10,21,3,3.6180340593,0.6180340593,3.6180339917,6.759e-08,5.333e-09,optimal,4
35,ICR`szot_,10,21,3,3.6180340566,0.6180340566,3.6180339904,6.615e-08,5.670e-09,optimal,4
36,ICRb`yi\o,10,22,3,3.6180340565,0.6180340565,3.6180339970,5.949e-08,4.708e-09,optimal,4
37,ICQbvP[r_,10,21,3,3.6180340517,0.6180340517,3.6180339889,6.282e-08,4.793e-09,optimal,4
38,ICRb`yi|w,10,24,3,3.6180340383,0.6180340383,3.6180339921,4.626e-08,5.053e-09,optimal,4
39,ICRb`yitO,10,21,3,3.6180340338,0.6180340338,3.6180340036,3.019e-08,4.455e-09,optimal,4
40,ICRb`yilw,10,23,3,3.6180340296,0.6180340296,3.6180339705,5.907e-08,4.755e-09,optimal,4
41,ICRb`yiro,10,22,3,3.6180340266,0.6180340266,3.6180339973,2.925e-08,4.908e-09,optimal,4
42,ICpbdq[tO,10,21,3,3.6180340242,0.6180340242,3.6180340093,1.482e-08,4.302e-09,optimal,4
43,ICRb`yit_,10,21,3,3.6180340236,0.6180340236,3.6180339890,3.465e-08,3.621e-09,optimal,4
44,ICRb`yidw,10,22,3,3.6180340217,0.6180340217,3.6180339981,2.364e-08,4.859e-09,optimal,4
45,ICRb`yi~?,10,22,3,3.6180340202,0.6180340202,3.6180339833,3.686e-08,3.893e-09,optimal,4
46,ICpbfG{TW,10,21,3,3.6180340155,0.6180340155,3.6180340013,1.424e-08,3.419e-09,optimal,4
47,ICRb`yihw,10,22,3,3.6180340154,0.6180340154,3.6180339998,1.569e-08,3.688e-09,optimal,4
48,ICRb`yito,10,22,3,3.6180340144,0.6180340144,3.6180340006,1.379e-08,2.641e-09,optimal,4
49,ICRb`yido,10,21,3,3.6180340139,0.6180340139,3.6180339901,2.383e-08,3.691e-09,optimal,4
50,ICRb`yivw,10,24,3,3.6180340136,0.6180340136,3.6180339889,2.469e-08,2.201e-09,optimal,4
51,ICpbfG{j_,10,21,3,3.6180340121,0.6180340121,3.6180340066,5.516e-09,1.779e-09,optimal,4
52,ICRb`yivO,10,22,3,3.6180340066,0.6180340066,3.6180339996,6.990e-09,2.394e-09,optimal,4
53,ICRb`yi|_,10,22,3,3.6180340062,0.6180340062,3.6180339866,1.963e-08,1.946e-09,optimal,4
54,ICRb`yi~w,10,25,3,3.6180340059,0.6180340059,3.6180339915,1.448e-08,1.574e-09,optimal,4
55,ICRb`yilo,10,22,3,3.6180340039,0.6180340039,3.6180339836,2.032e-08,2.068e-09,optimal,4
56,ICRb`yi|o,10,23,3,3.6180340038,0.6180340038,3.6180339845,1.936e-08,1.635e-09,optimal,4
57,ICQ`fP{r_,10,20,3,3.6180340023,0.6180340023,3.6180339616,4.072e-08,1.088e-09,optimal,4
58,ICQeV`[Mg,10,20,3,3.6180340016,0.6180340016,3.6180339812,2.043e-08,1.465e-09,optimal,4
59,ICRb`yiv?,10,21,3,3.6180340012,0.6180340012,3.6180339964,4.833e-09,8.532e-10,optimal,4
60,ICRb`yi~_,10,23,3,3.6180340010,0.6180340010,3.6180339915,9.417e-09,1.072e-09,optimal,4
61,ICRb`yi~o,10,24,3,3.6180339997,0.6180339997,3.6180339998,9.776e-11,9.180e-10,optimal,4
62,ICRb`yiz_,10,22,3,3.6180339986,0.6180339986,3.6180339997,1.155e-09,1.265e-09,optimal,4
63,ICRb`yizo,10,23,3,3.6180339972,0.6180339972,3.6180339921,5.089e-09,1.098e-09,optimal,4
64,ICRb`yir_,10,21,3,3.6180339969,0.6180339969,3.6180339929,4.016e-09,8.626e-10,optimal,4
65,ICRb`yiv_,10,22,3,3.6180339965,0.6180339965,3.6180339859,1.057e-08,6.799e-10,optimal,4
66,ICRb`yixo,10,22,3,3.6180339951,0.6180339951,3.6180339921,2.979e-09,6.545e-10,optimal,4
67,ICRb`yivo,10,23,3,3.6180339950,0.6180339950,3.6180339895,5.535e-09,8.051e-10,optimal,4
68,ICRb`yitw,10,23,3,3.6180339949,0.6180339949,3.6180340033,8.365e-09,7.278e-10,optimal,4
69,ICQbvP[[W,10,21,3,3.6180339942,0.6180339942,3.6180339836,1.061e-08,4.616e-10,optimal,4
70,ICRb`yi~O,10,23,3,3.6180339933,0.6180339933,3.6180339823,1.098e-08,4.111e-10,optimal,4
71,ICRb`yi|O,10,22,3,3.6180339933,0.6180339933,3.6180339889,4.391e-09,4.788e-10,optimal,4
72,ICRb`yixw,10,23,3,3.6180339918,0.6180339918,3.6180339966,4.796e-09,4.847e-10,optimal,4
73,ICQeR_{hO,10,18,3,3.5936495227,0.5936495227,3.5936495021,2.063e-08,1.150e-09,optimal,4
74,ICQv@pkco,10,19,3,3.5658187655,0.5658187655,3.5658187473,1.820e-08,1.598e-09,optimal,4
75,ICQeR_{jO,10,19,3,3.5648607800,0.5648607800,3.5648607831,3.112e-09,5.851e-10,optimal,4
76,ICQeR`[e_,10,18,3,3.5601948889,0.5601948889,3.5601948619,2.694e-08,2.241e-09,optimal,4
77,ICQbR_yRW,10,19,3,3.5600647267,0.5600647267,3.5600646827,4.404e-08,5.025e-09,optimal,4
78,ICQeR`[m_,10,19,3,3.5594522702,0.5594522702,3.5594522658,4.462e-09,1.293e-09,optimal,4
79,ICQbeT[MW,10,20,3,3.5594386348,0.5594386348,3.5594386178,1.699e-08,1.795e-09,optimal,4
80,ICRV@qk\O,10,20,3,3.5572110343,0.5572110343,3.5572110063,2.802e-08,1.969e-09,optimal,4
81,ICRbdQyso,10,21,3,3.5565471458,0.5565471458,3.5565471348,1.101e-08,1.456e-09,optimal,4
82,ICQbeo{j_,10,20,3,3.5508708757,0.5508708757,3.5508708555,2.014e-08,1.543e-09,optimal,4
83,I?`DA_wJ?,10,12,4,4.5507551524,0.5507551524,4.5507551490,3.424e-09,1.460e-09,optimal,5
84,ICQe`pcj_,10,18,3,3.5470248469,0.5470248469,3.5470248115,3.535e-08,2.145e-09,optimal,4
85,ICQeR`kMg,10,19,3,3.5466468087,0.5466468087,3.5466467805,2.825e-08,3.066e-09,optimal,4
86,ICRV@qkVG,10,20,3,3.5463924702,0.5463924702,3.5463924597,1.054e-08,8.155e-10,optimal,4
87,ICQe`psfG,10,19,3,3.5456488635,0.5456488635,3.5456488368,2.668e-08,2.708e-09,optimal,4
88,ICQbdZcmG,10,20,3,3.5456433086,0.5456433086,3.5456432668,4.174e-08,1.075e-09,optimal,4
89,ICpbbgmx_,10,21,3,3.5456343061,0.5456343061,3.5456342803,2.585e-08,4.862e-10,optimal,4
90,ICpdUg{[_,10,20,3,3.5455063997,0.5455063997,3.5455063903,9.389e-09,5.480e-10,optimal,4
91,ICQe`psx_,10,19,3,3.5437046357,0.5437046357,3.5437046037,3.200e-08,5.123e-09,optimal,4
92,ICQbdp[qo,10,20,3,3.5420745004,0.5420745004,3.5420744817,1.865e-08,8.564e-10,optimal,4
93,ICQbdW{mO,10,20,3,3.5419949572,0.5419949572,3.5419949015,5.567e-08,5.070e-09,optimal,4
94,ICQbdp[rO,10,20,3,3.5412796684,0.5412796684,3.5412796462,2.221e-08,2.261e-09,optimal,4
95,ICQVfG{j_,10,21,3,3.5409987485,0.5409987485,3.5409987351,1.346e-08,1.688e-09,optimal,4
96,ICpdPxq|?,10,21,3,3.5409908135,0.5409908135,3.5409908222,8.724e-09,3.972e-10,optimal,4
97,ICQeR`[eg,10,19,3,3.5409002022,0.5409002022,3.5409002043,2.073e-09,1.318e-09,optimal,4
98,ICpbfG{Iw,10,21,3,3.5401257741,0.5401257741,3.5401257459,2.825e-08,3.437e-09,optimal,4
99,ICQeR_{VG,10,19,3,3.5399136338,0.5399136338,3.5399136358,1.994e-09,7.677e-10,optimal,4
100,ICQeR`[mg,10,20,3,3.5397600565,0.5397600565,3.5397600360,2.052e-08,1.737e-09,optimal,4
101,ICQeR`[Ng,10,20,3,3.5397600450,0.5397600450,3.5397600344,1.058e-08,6.085e-10,optimal,4
102,ICQbdp[MW,10,20,3,3.5395820324,0.5395820324,3.5395820080,2.439e-08,1.066e-09,optimal,4
103,ICQe`psxo,10,20,3,3.5389872775,0.5389872775,3.5389872246,5.290e-08,5.756e-09,optimal,4
104,ICQb`ri^_,10,21,3,3.5389093383,0.5389093383,3.5389093529,1.466e-08,9.995e-10,optimal,4
105,ICQbdW{x_,10,20,3,3.5387484466,0.5387484466,3.5387484269,1.976e-08,6.839e-10,optimal,4
106,ICR`rjg[W,10,21,3,3.5387389831,0.5387389831,3.5387389896,6.472e-09,9.214e-10,optimal,4
107,ICRV@qkeW,10,20,3,3.5385148220,0.5385148220,3.5385148056,1.641e-08,1.197e-09,optimal,4
108,ICRV@qk\W,10,21,3,3.5382351171,0.5382351171,3.5382350773,3.978e-08,3.630e-09,optimal,4
109,ICRV@qk^G,10,21,3,3.5382350889,0.5382350889,3.5382350797,9.253e-09,1.081e-09,optimal,4
110,ICRbdQ{|O,10,22,3,3.5381728279,0.5381728279,3.5381728325,4.508e-09,2.532e-09,optimal,4
111,ICpVbqkx_,10,22,3,3.5375762518,0.5375762518,3.5375762081,4.365e-08,3.880e-09,optimal,4
112,ICQbdo{jo,10,21,3,3.5362365275,0.5362365275,3.5362365257,1.769e-09,1.003e-09,optimal,4
113,ICQbdp[ro,10,21,3,3.5359114089,0.5359114089,3.5359114044,4.451e-09,5.858e-10,optimal,4
114,ICRb`zgro,10,22,3,3.5339049478,0.5339049478,3.5339049457,2.159e-09,4.171e-10,optimal,4
115,ICpbfG{io,10,21,3,3.5329059533,0.5329059533,3.5329059621,8.830e-09,7.520e-10,optimal,4
116,ICpVbqky_,10,22,3,3.5328347941,0.5328347941,3.5328347770,1.708e-08,1.742e-09,optimal,4
117,ICQbdp[f_,10,20,3,3.5308006520,0.5308006520,3.5308006387,1.333e-08,2.259e-09,optimal,4
118,ICQb`qu|?,10,20,3,3.5304839411,0.5304839411,3.5304838845,5.661e-08,4.497e-09,optimal,4
119,I?`D@`WJ?,10,12,4,4.5301102079,0.5301102079,4.5301101884,1.957e-08,1.818e-09,optimal,5
120,ICQb`rsn_,10,21,3,3.5293200273,0.5293200273,3.5293200194,7.879e-09,1.006e-09,optimal,4
121,ICQe`psj_,10,19,3,3.5290699222,0.5290699222,3.5290699140,8.161e-09,6.211e-10,optimal,4
122,ICQbdrSNG,10,20,3,3.5279138441,0.5279138441,3.5279138330,1.117e-08,7.774e-10,optimal,4
123,I?`DB_[U?,10,13,4,4.5256449825,0.5256449825,4.5256448991,8.344e-08,5.937e-09,optimal,5
124,ICQbfP[mO,10,20,3,3.5239253289,0.5239253289,3.5239253256,3.309e-09,5.364e-10,optimal,4
125,ICQv@pk\G,10,20,3,3.5235904645,0.5235904645,3.5235904447,1.974e-08,8.419e-10,optimal,4
126,ICRVBiwjO,10,21,3,3.5235872166,0.5235872166,3.5235871925,2.410e-08,1.515e-09,optimal,4
127,I?`D@`WN?,10,13,4,4.5233006890,0.5233006890,4.5233006509,3.812e-08,1.721e-09,optimal,5
128,ICp`eq[qg,10,20,3,3.5231484842,0.5231484842,3.5231484523,3.187e-08,1.517e-09,optimal,4
129,ICQbdW{xg,10,21,3,3.5228685673,0.5228685673,3.5228684992,6.810e-08,5.664e-09,optimal,4
130,ICQbdW{|G,10,21,3,3.5228685134,0.5228685134,3.5228685035,9.913e-09,1.430e-09,optimal,4
131,ICRbdQ{^G,10,22,3,3.5224077792,0.5224077792,3.5224077593,1.985e-08,3.271e-09,optimal,4
132,ICRbdQ{Ng,10,22,3,3.5224077656,0.5224077656,3.5224077468,1.880e-08,1.369e-09,optimal,4
133,ICpdPxqIw,10,21,3,3.5214847398,0.5214847398,3.5214847376,2.229e-09,1.068e-09,optimal,4
134,ICQbdq]to,10,22,3,3.5214290779,0.5214290779,3.5214290785,6.502e-10,1.854e-09,optimal,4
135,ICRb`ymxo,10,23,3,3.5213797097,0.5213797097,3.5213797055,4.137e-09,4.468e-10,optimal,4
136,ICQeR_{h_,10,18,3,3.5201502774,0.5201502774,3.5201502521,2.526e-08,2.674e-09,optimal,4
137,ICQeR_{j_,10,19,3,3.5187628207,0.5187628207,3.5187628219,1.208e-09,2.463e-09,optimal,4
138,ICQbfP[eW,10,20,3,3.5184714756,0.5184714756,3.5184714755,1.115e-11,5.745e-10,optimal,4
139,ICQbfP[mW,10,21,3,3.5176174593,0.5176174593,3.5176174070,5.225e-08,4.785e-09,optimal,4
140,I?`@f?[Y?,10,13,4,4.5173494681,0.5173494681,4.5173494429,2.527e-08,1.463e-09,optimal,5
141,ICpdPxq|_,10,22,3,3.5170927387,0.5170927387,3.5170927132,2.554e-08,1.504e-09,optimal,4
142,ICpVbqkz_,10,23,3,3.5170172750,0.5170172750,3.5170172793,4.361e-09,9.911e-10,optimal,4
143,ICRbeo{j_,10,21,3,3.5170172747,0.5170172747,3.5170172934,1.867e-08,6.601e-10,optimal,4
144,ICQbfI{mO,10,21,3,3.5156614977,0.5156614977,3.5156614945,3.188e-09,1.005e-09,optimal,4
145,I?`DB`Wl?,10,14,4,4.5153978361,0.5153978361,4.5153978242,1.185e-08,1.480e-09,optimal,5
146,ICQbRbKMg,10,19,3,3.5152779080,0.5152779080,3.5152779064,1.619e-09,4.801e-10,optimal,4
147,ICRbdQy{o,10,22,3,3.5151931531,0.5151931531,3.5151931768,2.367e-08,2.913e-10,optimal,4
148,ICQbR_yrO,10,19,3,3.5146079794,0.5146079794,3.5146079446,3.485e-08,4.197e-09,optimal,4
149,ICp`fQ[r_,10,20,3,3.5135422504,0.5135422504,3.5135422147,3.569e-08,2.567e-09,optimal,4
150,ICQb`rKy_,10,19,3,3.5117053626,0.5117053626,3.5117053601,2.471e-09,2.644e-09,optimal,4
151,ICQbeo{jO,10,20,3,3.5116985531,0.5116985531,3.5116984759,7.723e-08,5.332e-09,optimal,4
152,ICRbcqhn?,10,20,3,3.5116910066,0.5116910066,3.5116909850,2.161e-08,6.819e-10,optimal,4
153,I?`D@`gF_,10,13,4,4.5108697530,0.5108697530,4.5108696933,5.965e-08,3.207e-09,optimal,5
154,ICpbfG{dW,10,21,3,3.5102586780,0.5102586780,3.5102586709,7.086e-09,8.425e-10,optimal,4
155,I?`@f@WFO,10,14,4,4.5094845156,0.5094845156,4.5094845065,9.067e-09,1.755e-09,optimal,5
156,I?`FBQodO,10,15,4,4.5087469722,0.5087469722,4.5087469607,1.144e-08,5.439e-10,optimal,5
157,ICpbfG{tO,10,21,3,3.5077215939,0.5077215939,3.5077215533,4.067e-08,3.995e-09,optimal,4
158,ICQeR_{xO,10,19,3,3.5071242876,0.5071242876,3.5071242816,6.062e-09,1.977e-09,optimal,4
159,ICQb`rkf_,10,20,3,3.5069027309,0.5069027309,3.5069027088,2.208e-08,1.567e-09,optimal,4
160,ICQbQpqMO,10,18,3,3.5065612351,0.5065612351,3.5065611669,6.823e-08,5.400e-09,optimal,4
161,ICRbeo{jO,10,21,3,3.5065011632,0.5065011632,3.5065011289,3.431e-08,2.909e-09,optimal,4
162,ICQbR_yVO,10,19,3,3.5062959453,0.5062959453,3.5062958910,5.435e-08,4.268e-09,optimal,4
163,ICpbfG{RW,10,21,3,3.5059141856,0.5059141856,3.5059141421,4.350e-08,3.443e-09,optimal,4
164,ICQb`riVO,10,20,3,3.5058580931,0.5058580931,3.5058580842,8.850e-09,1.102e-09,optimal,4
165,ICQeR_{zO,10,20,3,3.5055410033,0.5055410033,3.5055409783,2.497e-08,1.196e-09,optimal,4
166,I?`@f?[]?,10,14,4,4.5052926461,0.5052926461,4.5052926290,1.708e-08,1.888e-09,optimal,5
167,ICpVbqkqg,10,22,3,3.5051060263,0.5051060263,3.5051060147,1.167e-08,1.625e-09,optimal,4
168,ICpbfG{VW,10,22,3,3.5041098644,0.5041098644,3.5041098379,2.649e-08,4.625e-09,optimal,4
169,ICpbfG{tW,10,22,3,3.5041098203,0.5041098203,3.5041098234,3.097e-09,4.681e-10,optimal,4
170,I?b@f@WF?,10,14,4,4.5041066901,0.5041066901,4.5041066498,4.029e-08,2.331e-09,optimal,5
171,ICQbdrKf_,10,20,3,3.5032929871,0.5032929871,3.5032929596,2.752e-08,3.005e-09,optimal,4
172,ICQbR_yUW,10,19,3,3.5028432635,0.5028432635,3.5028432131,5.038e-08,5.154e-09,optimal,4
173,ICQbRd[Mg,10,20,3,3.5028381475,0.5028381475,3.5028380822,6.534e-08,4.870e-09,optimal,4
174,ICQe`pdj_,10,19,3,3.5024655945,0.5024655945,3.5024655637,3.084e-08,4.856e-09,optimal,4
175,ICQbeS{Z_,10,20,3,3.5017843288,0.5017843288,3.5017843285,2.052e-10,6.906e-10,optimal,4
176,ICQbR_yVW,10,20,3,3.5011085537,0.5011085537,3.5011085113,4.233e-08,3.998e-09,optimal,4
177,ICQbR_yrW,10,20,3,3.5011085370,0.5011085370,3.5011085142,2.281e-08,1.887e-09,optimal,4
178,ICQb`riVo,10,21,3,3.5011049672,0.5011049672,3.5011049735,6.378e-09,8.603e-10,optimal,4
179,ICOedrKV_,10,19,3,3.5009941759,0.5009941759,3.5009941643,1.154e-08,8.728e-10,optimal,4
180,ICQeV`[m_,10,20,3,3.5008017597,0.5008017597,3.5008017486,1.109e-08,6.989e-10,optimal,4
181,ICQbcs{jO,10,20,3,3.5007286747,0.5007286747,3.5007286540,2.072e-08,1.491e-09,optimal,4
182,ICQfep[MW,10,21,3,3.5006981753,0.5006981753,3.5006981692,6.106e-09,1.513e-09,optimal,4
183,ICRbcqhsg,10,20,3,3.5006981750,0.5006981750,3.5006981487,2.627e-08,1.510e-09,optimal,4
184,ICRVDXweg,10,21,3,3.5006183759,0.5006183759,3.5006183512,2.469e-08,2.321e-09,optimal,4
185,ICrb`rimg,10,23,3,3.5000000378,0.5000000378,3.5000000021,3.575e-08,3.014e-09,optimal,4
186,ICpdQiqZ?,10,19,3,3.5000000319,0.5000000319,3.5000000091,2.276e-08,2.847e-09,optimal,4
187,IUZurzmmo,10,30,2,2.5000000143,0.5000000143,2.4999999960,1.835e-08,9.565e-10,optimal,3
188,ICpdQiq^?,10,20,3,3.5000000098,0.5000000098,3.5000000031,6.719e-09,1.222e-09,optimal,4
189,ICpdQjqNO,10,21,3,3.5000000070,0.5000000070,3.4999999984,8.613e-09,2.593e-09,optimal,4
190,I?b@f?[]?,10,15,4,4.4997070035,0.4997070035,4.4997069112,9.239e-08,5.948e-09,optimal,5
191,I?`D@`wF_,10,14,4,4.4993122953,0.4993122953,4.4993122800,1.532e-08,3.660e-09,optimal,5
192,ICQbeo{ho,10,20,3,3.4988637044,0.4988637044,3.4988636489,5.555e-08,3.806e-09,optimal,4
193,ICQbeT[JW,10,20,3,3.4985080202,0.4985080202,3.4985079700,5.019e-08,4.717e-09,optimal,4
194,ICRbdrUf_,10,22,3,3.4981307810,0.4981307810,3.4981307700,1.099e-08,4.207e-10,optimal,4
195,ICQbeo{jo,10,21,3,3.4980404207,0.4980404207,3.4980403973,2.342e-08,2.120e-09,optimal,4
196,ICQv@rKcw,10,20,3,3.4979322367,0.4979322367,3.4979321888,4.784e-08,5.088e-09,optimal,4
197,ICQbeS{VG,10,20,3,3.4978842518,0.4978842518,3.4978842392,1.265e-08,1.069e-09,optimal,4
198,ICpbfG{Kw,10,21,3,3.4970752360,0.4970752360,3.4970752021,3.391e-08,3.284e-09,optimal,4
199,ICQe`pc[g,10,18,3,3.4969240999,0.4969240999,3.4969240305,6.943e-08,4.026e-09,optimal,4
200,ICRVDXw\G,10,21,3,3.4965241209,0.4965241209,3.4965241166,4.369e-09,1.318e-09,optimal,4
201,ICQbdW{ko,10,20,3,3.4962927527,0.4962927527,3.4962927172,3.547e-08,4.855e-09,optimal,4
202,ICR`uiw[W,10,21,3,3.4962830587,0.4962830587,3.4962830536,5.116e-09,1.381e-09,optimal,4
203,ICQvDXwVO,10,21,3,3.4962662994,0.4962662994,3.4962662822,1.717e-08,1.838e-09,optimal,4
204,ICQbdp[fg,10,21,3,3.4962632407,0.4962632407,3.4962632220,1.864e-08,2.059e-09,optimal,4
205,ICQbdp[v_,10,21,3,3.4962632312,0.4962632312,3.4962632116,1.962e-08,1.141e-09,optimal,4
206,ICQbdW{}O,10,21,3,3.4961273854,0.4961273854,3.4961273600,2.537e-08,3.210e-09,optimal,4
207,ICQbdW{mo,10,21,3,3.4961273798,0.4961273798,3.4961273537,2.604e-08,2.433e-09,optimal,4
208,ICRbdQ{to,10,22,3,3.4961218174,0.4961218174,3.4961217753,4.214e-08,3.172e-09,optimal,4
209,ICpfdg{io,10,22,3,3.4960261904,0.4960261904,3.4960261779,1.250e-08,1.722e-09,optimal,4
210,ICRbeo{ho,10,21,3,3.4954153256,0.4954153256,3.4954153129,1.264e-08,1.092e-09,optimal,4
211,I?`@f@wFO,10,15,4,4.4950682453,0.4950682453,4.4950682137,3.163e-08,2.659e-09,optimal,5
212,ICOfdrKV_,10,20,3,3.4948991864,0.4948991864,3.4948991793,7.080e-09,3.941e-10,optimal,4
213,I?`@d`gF?,10,13,4,4.4948307717,0.4948307717,4.4948307673,4.413e-09,1.261e-09,optimal,5
214,ICQfdp[r_,10,21,3,3.4941201696,0.4941201696,3.4941201472,2.240e-08,2.995e-09,optimal,4
215,ICpVV_{l_,10,22,3,3.4926258160,0.4926258160,3.4926257992,1.686e-08,1.238e-09,optimal,4
216,ICQbfIwj_,10,20,3,3.4918178639,0.4918178639,3.4918178382,2.572e-08,1.648e-09,optimal,4
217,ICRbeo{jo,10,22,3,3.4904620731,0.4904620731,3.4904620608,1.223e-08,1.499e-09,optimal,4
218,ICpbfGm^?,10,21,3,3.4898298465,0.4898298465,3.4898298161,3.037e-08,3.349e-09,optimal,4
219,ICQbeT[eW,10,20,3,3.4895072925,0.4895072925,3.4895072751,1.743e-08,8.653e-10,optimal,4
220,ICQ`fI[t_,10,19,3,3.4891767578,0.4891767578,3.4891767619,4.072e-09,6.946e-10,optimal,4
221,ICQv@pkRo,10,20,3,3.4890388841,0.4890388841,3.4890388720,1.204e-08,4.247e-10,optimal,4
222,ICQbQprMo,10,20,3,3.4887010847,0.4887010847,3.4887010717,1.306e-08,6.213e-10,optimal,4
223,ICRb`zgj_,10,21,3,3.4886415798,0.4886415798,3.4886415673,1.253e-08,1.003e-09,optimal,4
224,ICRbdq]to,10,23,3,3.4885261319,0.4885261319,3.4885261325,6.289e-10,8.556e-10,optimal,4
225,ICQbfImmO,10,21,3,3.4883877747,0.4883877747,3.4883877348,3.992e-08,4.984e-09,optimal,4
226,ICQbeT[mW,10,21,3,3.4875589743,0.4875589743,3.4875589799,5.547e-09,4.949e-10,optimal,4
227,ICQbeT[NW,10,21,3,3.4875589727,0.4875589727,3.4875589778,5.121e-09,5.017e-10,optimal,4
228,ICQb`rKl_,10,19,3,3.4872720453,0.4872720453,3.4872720334,1.188e-08,1.799e-09,optimal,4
229,ICQbRfKMg,10,20,3,3.4872446793,0.4872446793,3.4872446542,2.510e-08,1.953e-09,optimal,4
230,ICQb`qu~?,10,21,3,3.4872416944,0.4872416944,3.4872416494,4.496e-08,4.634e-09,optimal,4
231,ICQb`qu|O,10,21,3,3.4872416626,0.4872416626,3.4872416634,7.683e-10,9.242e-10,optimal,4
232,ICQe`pcq_,10,17,3,3.4861427916,0.4861427916,3.4861427900,1.607e-09,1.427e-09,optimal,4
233,ICQeR_{e_,10,18,3,3.4861144784,0.4861144784,3.4861144538,2.456e-08,1.454e-09,optimal,4
234,ICQbQzoM_,10,19,3,3.4860590931,0.4860590931,3.4860590598,3.327e-08,4.464e-09,optimal,4
235,ICQb`q}|O,10,22,3,3.4859477401,0.4859477401,3.4859476874,5.280e-08,3.936e-09,optimal,4
236,ICpbbg}x_,10,22,3,3.4858415603,0.4858415603,3.4858415400,2.029e-08,1.179e-09,optimal,4
237,ICR`rjgx_,10,21,3,3.4841875376,0.4841875376,3.4841875286,9.002e-09,1.841e-09,optimal,4
238,ICQe`pkfG,10,19,3,3.4837772505,0.4837772505,3.4837772015,4.898e-08,5.810e-09,optimal,4
239,ICQe`pcy_,10,18,3,3.4834185500,0.4834185500,3.4834185056,4.443e-08,5.338e-09,optimal,4
240,ICQe`psy_,10,19,3,3.4834017507,0.4834017507,3.4834017284,2.227e-08,1.444e-09,optimal,4
241,ICQeR_{m_,10,19,3,3.4833544185,0.4833544185,3.4833544147,3.832e-09,7.200e-10,optimal,4
242,ICQbdp[y_,10,20,3,3.4833516528,0.4833516528,3.4833516189,3.399e-08,2.389e-09,optimal,4
243,ICpbfG{iW,10,21,3,3.4830695794,0.4830695794,3.4830695471,3.231e-08,3.079e-09,optimal,4
244,ICpbfG{Mw,10,22,3,3.4829909712,0.4829909712,3.4829909421,2.917e-08,2.796e-09,optimal,4
245,ICpbfG{iw,10,22,3,3.4829909526,0.4829909526,3.4829909261,2.650e-08,1.472e-09,optimal,4
246,ICQbee[m_,10,20,3,3.4826276960,0.4826276960,3.4826276480,4.798e-08,2.092e-09,optimal,4
247,ICRbdRRl_,10,21,3,3.4816869519,0.4816869519,3.4816869475,4.476e-09,2.020e-09,optimal,4
248,ICQeR_{x_,10,19,3,3.4808988239,0.4808988239,3.4808987654,5.842e-08,5.413e-09,optimal,4
249,ICpdPxq}?,10,21,3,3.4808937616,0.4808937616,3.4808937287,3.287e-08,3.345e-09,optimal,4
250,ICRbdRRn_,10,22,3,3.4799726383,0.4799726383,3.4799726437,5.353e-09,4.062e-10,optimal,4
251,I?bB@_Wc_,10,12,4,4.4793262074,0.4793262074,4.4793261907,1.670e-08,7.724e-11,optimal,5
252,ICQRDPqZ_,10,18,3,3.4780556860,0.4780556860,3.4780556449,4.112e-08,4.800e-09,optimal,4
253,ICdebQkKo,10,19,3,3.4778841934,0.4778841934,3.4778841775,1.595e-08,1.615e-09,optimal,4
254,ICQbRbSfO,10,19,3,3.4776961124,0.4776961124,3.4776961079,4.468e-09,5.660e-10,optimal,4
255,ICQbepkMW,10,20,3,3.4773671017,0.4773671017,3.4773670598,4.195e-08,3.254e-09,optimal,4
256,ICOedrKUo,10,19,3,3.4772987731,0.4772987731,3.4772987524,2.071e-08,1.295e-09,optimal,4
257,ICQeV`[eg,10,20,3,3.4772575533,0.4772575533,3.4772575312,2.209e-08,2.061e-09,optimal,4
258,ICQbdK{eo,10,20,3,3.4771856730,0.4771856730,3.4771856632,9.800e-09,9.466e-10,optimal,4
259,ICRVDXweW,10,21,3,3.4771686658,0.4771686658,3.4771686344,3.138e-08,3.729e-09,optimal,4
260,ICQbdrKV_,10,20,3,3.4770585497,0.4770585497,3.4770585201,2.962e-08,5.658e-10,optimal,4
261,I?`DB`WN?,10,14,4,4.4767754096,0.4767754096,4.4767754089,7.253e-10,1.321e-09,optimal,5
262,ICQeR_{tG,10,19,3,3.4765157015,0.4765157015,3.4765156960,5.469e-09,6.699e-10,optimal,4
263,ICp`fQsr_,10,20,3,3.4762250118,0.4762250118,3.4762249526,5.927e-08,3.998e-09,optimal,4
264,ICOedrKVo,10,20,3,3.4761464398,0.4761464398,3.4761463895,5.032e-08,3.335e-09,optimal,4
265,ICQbcs{jo,10,21,3,3.4761461733,0.4761461733,3.4761461419,3.143e-08,2.402e-09,optimal,4
266,ICQeV`[mg,10,21,3,3.4760356598,0.4760356598,3.4760356320,2.782e-08,3.107e-09,optimal,4
267,ICRVDXwew,10,22,3,3.4760178168,0.4760178168,3.4760178121,4.614e-09,8.263e-10,optimal,4
268,ICQbdp[xO,10,20,3,3.4760059428,0.4760059428,3.4760059334,9.445e-09,2.172e-09,optimal,4
269,ICQb`rKKo,10,18,3,3.4755110642,0.4755110642,3.4755110184,4.582e-08,2.524e-09,optimal,4
270,ICQe`psVG,10,19,3,3.4752237865,0.4752237865,3.4752237852,1.307e-09,5.494e-10,optimal,4
271,ICQbdp[NG,10,20,3,3.4750726394,0.4750726394,3.4750725915,4.797e-08,3.539e-09,optimal,4
272,ICQe`phf?,10,18,3,3.4747982651,0.4747982651,3.4747982359,2.925e-08,1.565e-09,optimal,4
273,ICRVBiwN_,10,21,3,3.4747580419,0.4747580419,3.4747580304,1.155e-08,2.107e-09,optimal,4
274,ICQ`fRQf_,10,19,3,3.4747227296,0.4747227296,3.4747227029,2.667e-08,3.030e-09,optimal,4
275,ICQbeS{V_,10,20,3,3.4742731420,0.4742731420,3.4742731232,1.876e-08,7.001e-10,optimal,4
276,ICZJfQeNG,10,22,3,3.4742478613,0.4742478613,3.4742478636,2.304e-09,9.393e-10,optimal,4
277,ICrb`riVo,10,23,3,3.4742125999,0.4742125999,3.4742125870,1.289e-08,1.640e-09,optimal,4
278,ICQv@pkr_,10,20,3,3.4741142775,0.4741142775,3.4741142658,1.172e-08,6.528e-10,optimal,4
279,ICQb`riro,10,21,3,3.4738550334,0.4738550334,3.4738549555,7.791e-08,5.548e-09,optimal,4
280,ICRbdQ{fo,10,22,3,3.4738549035,0.4738549035,3.4738548789,2.465e-08,2.482e-09,optimal,4
281,I?`@f?kU?,10,13,4,4.4737047075,0.4737047075,4.4737046611,4.635e-08,4.361e-09,optimal,5
282,ICQv@pkso,10,20,3,3.4735886345,0.4735886345,3.4735886322,2.324e-09,1.158e-09,optimal,4
283,ICpdUg{{_,10,21,3,3.4735181823,0.4735181823,3.4735181770,5.320e-09,1.364e-09,optimal,4
284,ICQbdc{ho,10,20,3,3.4733618513,0.4733618513,3.4733617934,5.789e-08,5.453e-09,optimal,4
285,ICpbbK{TW,10,21,3,3.4733496514,0.4733496514,3.4733496439,7.546e-09,3.610e-09,optimal,4
286,ICRbdRR}_,10,22,3,3.4731405341,0.4731405341,3.4731404835,5.066e-08,4.034e-09,optimal,4
287,ICQbdK{mo,10,21,3,3.4730565226,0.4730565226,3.4730564882,3.446e-08,3.674e-09,optimal,4
288,ICQbdK{~?,10,21,3,3.4730565146,0.4730565146,3.4730564980,1.665e-08,3.537e-09,optimal,4
289,ICQbdq]|O,10,22,3,3.4730543283,0.4730543283,3.4730542668,6.144e-08,5.010e-09,optimal,4
290,ICpdPxqmO,10,21,3,3.4727099410,0.4727099410,3.4727099273,1.364e-08,2.289e-09,optimal,4
291,ICrb`ri^_,10,23,3,3.4725528410,0.4725528410,3.4725527776,6.337e-08,3.799e-09,optimal,4
292,ICQbfI[j_,10,20,3,3.4725231769,0.4725231769,3.4725231237,5.318e-08,3.253e-09,optimal,4
293,ICQbdc{jo,10,21,3,3.4723995145,0.4723995145,3.4723995101,4.441e-09,5.437e-10,optimal,4
294,ICQvDWy\W,10,22,3,3.4723989846,0.4723989846,3.4723989700,1.456e-08,1.304e-09,optimal,4
295,I?`DA`gdG,10,13,4,4.4721360484,0.4721360484,4.4721359401,1.083e-07,5.876e-09,optimal,5
296,I?bB@`WE_,10,13,4,4.4721360397,0.4721360397,4.4721359496,9.015e-08,5.918e-09,optimal,5
297,I?`DA`wl?,10,14,4,4.4721360356,0.4721360356,4.4721359550,8.056e-08,4.553e-09,optimal,5
298,I?`D@POd?,10,11,4,4.4721360246,0.4721360246,4.4721359756,4.902e-08,5.145e-09,optimal,5
299,I?bFB_wN?,10,16,4,4.4721360225,0.4721360225,4.4721359577,6.476e-08,3.842e-09,optimal,5
300,I?`af?wF?,10,14,4,4.4721360209,0.4721360209,4.4721359481,7.281e-08,4.560e-09,optimal,5
301,I?b@f@wFO,10,16,4,4.4721360174,0.4721360174,4.4721359989,1.847e-08,4.644e-09,optimal,5
302,I?`FAo]]?,10,16,4,4.4721360174,0.4721360174,4.4721359549,6.248e-08,4.897e-09,optimal,5
303,I?`DE_sN?,10,14,4,4.4721360144,0.4721360144,4.4721360138,5.532e-10,4.969e-09,optimal,5
304,I?opuNo{?,10,19,4,4.4721360121,0.4721360121,4.4721359700,4.203e-08,4.082e-09,optimal,5
305,I?`DbRodO,10,16,4,4.4721360067,0.4721360067,4.4721359570,4.962e-08,3.703e-09,optimal,5
306,I?`DB`gF_,10,14,4,4.4721360062,0.4721360062,4.4721359788,2.745e-08,5.325e-09,optimal,5
307,I?`DBRodO,10,15,4,4.4721360062,0.4721360062,4.4721359481,5.809e-08,4.213e-09,optimal,5
308,I?`Df?sFO,10,15,4,4.4721360060,0.4721360060,4.4721359663,3.964e-08,5.162e-09,optimal,5
309,I?`DB_s]?,10,14,4,4.4721360052,0.4721360052,4.4721359627,4.255e-08,3.481e-09,optimal,5
310,I?`DB_[Y?,10,13,4,4.4721360050,0.4721360050,4.4721359763,2.869e-08,4.019e-09,optimal,5
311,I?`DE_sJ?,10,13,4,4.4721360040,0.4721360040,4.4721359537,5.029e-08,3.012e-09,optimal,5
312,I?`DA_wd?,10,12,4,4.4721360026,0.4721360026,4.4721359502,5.235e-08,3.562e-09,optimal,5
313,I?`DA_wl?,10,13,4,4.4721360024,0.4721360024,4.4721359573,4.512e-08,3.708e-09,optimal,5
314,I?`cjboY_,10,17,4,4.4721360022,0.4721360022,4.4721359724,2.987e-08,3.880e-09,optimal,5
315,I?`F?zoN?,10,16,4,4.4721360016,0.4721360016,4.4721359565,4.519e-08,4.991e-09,optimal,5
316,I?bB@`wF_,10,15,4,4.4721360006,0.4721360006,4.4721359515,4.914e-08,4.532e-09,optimal,5
317,I?`D@POl?,10,12,4,4.4721359981,0.4721359981,4.4721359423,5.576e-08,4.801e-09,optimal,5
318,I?`D`roN?,10,16,4,4.4721359965,0.4721359965,4.4721359557,4.079e-08,4.221e-09,optimal,5
319,I?`Df@WhG,10,15,4,4.4721359954,0.4721359954,4.4721359561,3.929e-08,3.419e-09,optimal,5
320,I?`DE`gdG,10,14,4,4.4721359950,0.4721359950,4.4721359662,2.883e-08,2.606e-09,optimal,5
321,I?`afASYG,10,15,4,4.4721359948,0.4721359948,4.4721359410,5.371e-08,2.871e-09,optimal,5
322,I?bB@`WF_,10,14,4,4.4721359946,0.4721359946,4.4721359654,2.916e-08,3.867e-09,optimal,5
323,I?`Db`wl?,10,16,4,4.4721359942,0.4721359942,4.4721359656,2.856e-08,3.921e-09,optimal,5
324,I?`Df?[N?,10,15,4,4.4721359918,0.4721359918,4.4721359744,1.743e-08,2.600e-09,optimal,5
325,I?b@f@WFO,10,15,4,4.4721359913,0.4721359913,4.4721359615,2.978e-08,2.751e-09,optimal,5
326,I?`af?wFO,10,15,4,4.4721359892,0.4721359892,4.4721359469,4.236e-08,3.138e-09,optimal,5
327,I?`FAqc{?,10,15,4,4.4721359888,0.4721359888,4.4721359464,4.248e-08,2.519e-09,optimal,5
328,I?`acjoYO,10,16,4,4.4721359888,0.4721359888,4.4721359556,3.322e-08,3.860e-09,optimal,5
329,I?`DB_kN?,10,14,4,4.4721359885,0.4721359885,4.4721360104,2.196e-08,2.222e-09,optimal,5
330,I?`DA`gd?,10,12,4,4.4721359873,0.4721359873,4.4721359140,7.327e-08,1.985e-09,optimal,5
331,I?`DA_wN?,10,13,4,4.4721359859,0.4721359859,4.4721359251,6.081e-08,2.221e-09,optimal,5
332,I?`bf?[]?,10,16,4,4.4721359858,0.4721359858,4.4721359633,2.249e-08,3.167e-09,optimal,5
333,I?`DB_[]?,10,14,4,4.4721359850,0.4721359850,4.4721359692,1.589e-08,1.920e-09,optimal,5
334,I?`D@poN?,10,14,4,4.4721359845,0.4721359845,4.4721359547,2.976e-08,2.635e-09,optimal,5
335,I?`Db_wl?,10,15,4,4.4721359840,0.4721359840,4.4721359665,1.745e-08,3.354e-09,optimal,5
336,I?bF@pwF_,10,17,4,4.4721359829,0.4721359829,4.4721359579,2.498e-08,2.768e-09,optimal,5
337,I?`DE_wN?,10,14,4,4.4721359803,0.4721359803,4.4721360037,2.335e-08,3.369e-09,optimal,5
338,I?`DE_{N?,10,15,4,4.4721359793,0.4721359793,4.4721359536,2.574e-08,1.912e-09,optimal,5
339,I?`cn@oY_,10,16,4,4.4721359791,0.4721359791,4.4721359353,4.379e-08,2.137e-09,optimal,5
340,ICQbdo{MW,10,20,3,3.4721359784,0.4721359784,3.4721359478,3.059e-08,1.565e-09,optimal,4
341,I?bB`roN?,10,17,4,4.4721359772,0.4721359772,4.4721359501,2.706e-08,1.398e-09,optimal,5
342,I?`ed`gdG,10,16,4,4.4721359763,0.4721359763,4.4721359570,1.929e-08,2.006e-09,optimal,5
343,I?`fBO]]?,10,17,4,4.4721359750,0.4721359750,4.4721359587,1.630e-08,1.821e-09,optimal,5
344,I?`DB_]]?,10,15,4,4.4721359744,0.4721359744,4.4721359534,2.105e-08,1.807e-09,optimal,5
345,I?`ebRodO,10,17,4,4.4721359733,0.4721359733,4.4721359520,2.139e-08,2.439e-09,optimal,5
346,I?`Df?[l?,10,15,4,4.4721359733,0.4721359733,4.4721359878,1.454e-08,1.322e-09,optimal,5
347,I?`DA`gl?,10,13,4,4.4721359705,0.4721359705,4.4721359441,2.642e-08,1.114e-09,optimal,5
348,I?`D@poF_,10,14,4,4.4721359701,0.4721359701,4.4721359710,8.895e-10,9.832e-10,optimal,5
349,I?`Db_kN?,10,15,4,4.4721359701,0.4721359701,4.4721359419,2.815e-08,2.376e-09,optimal,5
350,I?`cm`oY_,10,16,4,4.4721359694,0.4721359694,4.4721359589,1.045e-08,9.554e-10,optimal,5
351,I?opvBop_,10,18,4,4.4721359681,0.4721359681,4.4721359594,8.710e-09,1.253e-09,optimal,5
352,I?`DA_{N?,10,14,4,4.4721359672,0.4721359672,4.4721359593,7.904e-09,3.500e-09,optimal,5
353,I?`cm`g{?,10,16,4,4.4721359646,0.4721359646,4.4721359654,8.285e-10,1.284e-09,optimal,5
354,I?`FE_wN?,10,15,4,4.4721359645,0.4721359645,4.4721359547,9.775e-09,1.141e-09,optimal,5
355,I?`DE_sJO,10,14,4,4.4721359643,0.4721359643,4.4721359711,6.735e-09,8.223e-10,optimal,5
356,I?`cjVo{?,10,18,4,4.4721359626,0.4721359626,4.4721359579,4.714e-09,1.405e-09,optimal,5
357,I?`DB_[M?,10,13,4,4.4721359616,0.4721359616,4.4721359457,1.590e-08,4.816e-10,optimal,5
358,I?rFf_{N?,10,20,4,4.4721359609,0.4721359609,4.4721359135,4.736e-08,3.294e-10,optimal,5
359,I?ovE_wpG,10,17,4,4.4721359608,0.4721359608,4.4721359525,8.326e-09,1.741e-09,optimal,5
360,I?`cjRo{?,10,17,4,4.4721359605,0.4721359605,4.4721359685,8.023e-09,5.116e-10,optimal,5
361,I?bB`zoN?,10,18,4,4.4721359597,0.4721359597,4.4721359591,6.511e-10,3.652e-10,optimal,5
362,I?bFB_wF?,10,15,4,4.4721359581,0.4721359581,4.4721359456,1.252e-08,1.253e-10,optimal,5
363,I?`Df?[L?,10,14,4,4.4721359576,0.4721359576,4.4721359578,1.497e-10,2.147e-10,optimal,5
364,I?opuJo{?,10,18,4,4.4721359572,0.4721359572,4.4721359836,2.633e-08,1.638e-09,optimal,5
365,I?`DA_wL?,10,12,4,4.4721359566,0.4721359566,4.4721359570,3.309e-10,3.755e-10,optimal,5
366,I?`Db_kF?,10,14,4,4.4721359538,0.4721359538,4.4721359741,2.025e-08,2.124e-10,optimal,5
367,I?`FE_{N?,10,16,4,4.4721359538,0.4721359538,4.4721359681,1.438e-08,2.182e-09,optimal,5
368,I?`Db_{N?,10,16,4,4.4721359530,0.4721359530,4.4721359468,6.272e-09,5.028e-10,optimal,5
369,ICQbdq]Ng,10,22,3,3.4716273684,0.4716273684,3.4716273557,1.271e-08,2.022e-09,optimal,4
370,ICQbdp{fg,10,22,3,3.4716273498,0.4716273498,3.4716273558,5.985e-09,4.291e-10,optimal,4
371,ICRb`ym|O,10,23,3,3.4716023477,0.4716023477,3.4716022938,5.391e-08,2.872e-09,optimal,4
372,ICRbcqhtG,10,20,3,3.4714565395,0.4714565395,3.4714565030,3.653e-08,3.978e-09,optimal,4
373,ICpdPxqz?,10,21,3,3.4708726910,0.4708726910,3.4708726751,1.588e-08,1.702e-09,optimal,4
374,ICQe`pcMO,10,17,3,3.4703809071,0.4703809071,3.4703808459,6.121e-08,4.507e-09,optimal,4
375,ICQe`pcng,10,20,3,3.4703808731,0.4703808731,3.4703808283,4.478e-08,5.654e-09,optimal,4
376,ICQe`pcrO,10,18,3,3.4703808710,0.4703808710,3.4703808293,4.167e-08,4.293e-09,optimal,4
377,ICQe`pct_,10,18,3,3.4703808710,0.4703808710,3.4703808252,4.572e-08,6.011e-09,optimal,4
378,ICQe`pcNo,10,19,3,3.4703808707,0.4703808707,3.4703808458,2.487e-08,5.001e-09,optimal,4
379,ICQe`pcs_,10,17,3,3.4703808635,0.4703808635,3.4703808436,1.990e-08,3.470e-09,optimal,4
380,ICQe`pcu_,10,18,3,3.4703808603,0.4703808603,3.4703808288,3.141e-08,3.831e-09,optimal,4
381,ICQe`pcYO,10,17,3,3.4703808590,0.4703808590,3.4703808385,2.049e-08,3.161e-09,optimal,4
382,ICQe`pc{g,10,19,3,3.4703808569,0.4703808569,3.4703808394,1.754e-08,4.867e-09,optimal,4
383,ICQe`pc[w,10,19,3,3.4703808554,0.4703808554,3.4703808601,4.747e-09,2.137e-09,optimal,4
384,ICQe`pcf_,10,18,3,3.4703808541,0.4703808541,3.4703808205,3.360e-08,2.789e-09,optimal,4
385,ICQe`pc}_,10,19,3,3.4703808538,0.4703808538,3.4703808398,1.402e-08,3.156e-09,optimal,4
386,ICQe`pcl_,10,18,3,3.4703808536,0.4703808536,3.4703808303,2.329e-08,2.177e-09,optimal,4
387,ICQe`pcyO,10,18,3,3.4703808534,0.4703808534,3.4703808350,1.844e-08,3.275e-09,optimal,4
388,ICQe`pcuO,10,18,3,3.4703808515,0.4703808515,3.4703808358,1.565e-08,3.385e-09,optimal,4
389,ICQe`pc}w,10,21,3,3.4703808510,0.4703808510,3.4703808417,9.334e-09,2.326e-09,optimal,4
390,ICQe`pcko,10,18,3,3.4703808506,0.4703808506,3.4703808329,1.776e-08,2.213e-09,optimal,4
391,ICQe`pcso,10,18,3,3.4703808505,0.4703808505,3.4703808143,3.622e-08,2.773e-09,optimal,4
392,ICQeR_{lO,10,19,3,3.4703808492,0.4703808492,3.4703808362,1.302e-08,1.492e-09,optimal,4
393,ICQe`pc|g,10,20,3,3.4703808477,0.4703808477,3.4703808270,2.073e-08,1.969e-09,optimal,4
394,ICQe`pcn_,10,19,3,3.4703808476,0.4703808476,3.4703808069,4.070e-08,2.875e-09,optimal,4
395,ICQe`pcz_,10,19,3,3.4703808476,0.4703808476,3.4703808367,1.085e-08,1.610e-09,optimal,4
396,ICQe`pc]o,10,19,3,3.4703808469,0.4703808469,3.4703808422,4.708e-09,2.554e-09,optimal,4
397,ICQe`pc~g,10,21,3,3.4703808458,0.4703808458,3.4703808390,6.853e-09,1.671e-09,optimal,4
398,ICQe`pcMo,10,18,3,3.4703808456,0.4703808456,3.4703808436,2.039e-09,1.877e-09,optimal,4
399,ICQe`pczO,10,19,3,3.4703808450,0.4703808450,3.4703808611,1.608e-08,1.854e-09,optimal,4
400,ICQe`pcd_,10,17,3,3.4703808437,0.4703808437,3.4703808589,1.519e-08,9.970e-10,optimal,4
401,ICQe`pc|_,10,19,3,3.4703808436,0.4703808436,3.4703808370,6.665e-09,1.500e-09,optimal,4
402,ICQe`pc]O,10,18,3,3.4703808432,0.4703808432,3.4703808169,2.625e-08,1.285e-09,optimal,4
403,ICQe`pc|w,10,21,3,3.4703808432,0.4703808432,3.4703808391,4.124e-09,1.116e-09,optimal,4
404,ICQe`pkXO,10,18,3,3.4703808430,0.4703808430,3.4703808377,5.347e-09,1.611e-09,optimal,4
405,ICQe`pclg,10,19,3,3.4703808427,0.4703808427,3.4703808379,4.760e-09,1.104e-09,optimal,4
406,ICQe`pcUo,10,18,3,3.4703808422,0.4703808422,3.4703808485,6.341e-09,9.065e-10,optimal,4
407,ICQe`pcyo,10,19,3,3.4703808418,0.4703808418,3.4703808417,5.608e-11,1.522e-09,optimal,4
408,ICQe`pcVo,10,19,3,3.4703808415,0.4703808415,3.4703808398,1.774e-09,1.511e-09,optimal,4
409,ICQe`pcto,10,19,3,3.4703808406,0.4703808406,3.4703808345,6.091e-09,1.403e-09,optimal,4
410,ICQe`pc]w,10,20,3,3.4703808403,0.4703808403,3.4703808033,3.696e-08,9.251e-10,optimal,4
411,ICQe`pc}g,10,20,3,3.4703808399,0.4703808399,3.4703808317,8.122e-09,9.343e-10,optimal,4
412,ICQe`pclo,10,19,3,3.4703808395,0.4703808395,3.4703808453,5.705e-09,1.614e-09,optimal,4
413,ICQe`pc~o,10,21,3,3.4703808394,0.4703808394,3.4703808451,5.707e-09,1.019e-09,optimal,4
414,ICQe`pcuo,10,19,3,3.4703808393,0.4703808393,3.4703808409,1.579e-09,6.968e-10,optimal,4
415,ICQeR_{eO,10,18,3,3.4703808393,0.4703808393,3.4703808261,1.318e-08,7.121e-10,optimal,4
416,ICQe`pc}O,10,19,3,3.4703808392,0.4703808392,3.4703808490,9.798e-09,1.063e-09,optimal,4
417,ICQe`pc|o,10,20,3,3.4703808391,0.4703808391,3.4703808350,4.027e-09,1.396e-09,optimal,4
418,ICQe`pc^o,10,20,3,3.4703808385,0.4703808385,3.4703808219,1.655e-08,1.553e-09,optimal,4
419,ICQe`pcr_,10,18,3,3.4703808382,0.4703808382,3.4703808323,5.871e-09,6.027e-10,optimal,4
420,ICQe`pc~_,10,20,3,3.4703808376,0.4703808376,3.4703808240,1.364e-08,6.140e-10,optimal,4
421,ICQe`pc}o,10,20,3,3.4703808376,0.4703808376,3.4703808201,1.752e-08,4.369e-10,optimal,4
422,ICQe`pc{w,10,20,3,3.4703808373,0.4703808373,3.4703808299,7.358e-09,8.042e-10,optimal,4
423,ICOcePsJ_,10,16,3,3.4703808370,0.4703808370,3.4703808385,1.540e-09,7.997e-10,optimal,4
424,ICQe`pc{o,10,19,3,3.4703808370,0.4703808370,3.4703808448,7.891e-09,6.214e-10,optimal,4
425,ICQe`pcvo,10,20,3,3.4703808368,0.4703808368,3.4703808398,2.992e-09,4.611e-10,optimal,4
426,ICQe`pcmO,10,18,3,3.4703808367,0.4703808367,3.4703808261,1.062e-08,5.806e-10,optimal,4
427,ICQe`pc~O,10,20,3,3.4703808365,0.4703808365,3.4703808364,1.367e-10,6.204e-10,optimal,4
428,ICQe`pcno,10,20,3,3.4703808365,0.4703808365,3.4703808383,1.785e-09,5.505e-10,optimal,4
429,ICQe`pc~w,10,22,3,3.4703808363,0.4703808363,3.4703808363,4.262e-11,5.057e-10,optimal,4
430,ICQe`pcmo,10,19,3,3.4703808362,0.4703808362,3.4703808418,5.578e-09,8.051e-10,optimal,4
431,ICQe`pcYo,10,18,3,3.4703808362,0.4703808362,3.4703808170,1.917e-08,4.963e-10,optimal,4
432,ICQe`pcnO,10,19,3,3.4703808359,0.4703808359,3.4703808437,7.822e-09,4.676e-10,optimal,4
433,ICQe`pczo,10,20,3,3.4703808359,0.4703808359,3.4703808217,1.419e-08,5.354e-10,optimal,4
434,ICQe`pcv_,10,19,3,3.4703808352,0.4703808352,3.4703808413,6.081e-09,9.776e-10,optimal,4
435,ICQe`pc{_,10,18,3,3.4703808352,0.4703808352,3.4703808241,1.112e-08,2.599e-10,optimal,4
436,ICQe`pc]g,10,19,3,3.4703808351,0.4703808351,3.4703808466,1.158e-08,3.656e-10,optimal,4
437,ICQe`pcqO,10,17,3,3.4703808350,0.4703808350,3.4703808424,7.456e-09,4.873e-10,optimal,4
438,ICpbegyNG,10,21,3,3.4699027417,0.4699027417,3.4699027478,6.105e-09,8.119e-10,optimal,4
439,ICQe^PsMo,10,21,3,3.4696428036,0.4696428036,3.4696427449,5.868e-08,4.389e-09,optimal,4
440,ICQbeo{xO,10,20,3,3.4696274156,0.4696274156,3.4696273642,5.137e-08,4.042e-09,optimal,4
441,ICRb`zgz_,10,22,3,3.4685822283,0.4685822283,3.4685821743,5.400e-08,3.896e-09,optimal,4
442,ICQe`phVO,10,19,3,3.4683115014,0.4683115014,3.4683114723,2.915e-08,3.418e-09,optimal,4
443,ICQbdp[Kw,10,20,3,3.4682913939,0.4682913939,3.4682913653,2.856e-08,2.499e-09,optimal,4
444,ICQbQzoMo,10,20,3,3.4682609263,0.4682609263,3.4682609186,7.644e-09,1.169e-09,optimal,4
445,ICQbR_y~o,10,22,3,3.4678437961,0.4678437961,3.4678437424,5.362e-08,5.571e-09,optimal,4
446,ICQeRaeN_,10,19,3,3.4678437928,0.4678437928,3.4678437429,4.987e-08,4.335e-09,optimal,4
447,ICQb`rs|W,10,22,3,3.4678437917,0.4678437917,3.4678437459,4.588e-08,4.280e-09,optimal,4
448,ICQeR`[hg,10,19,3,3.4678437883,0.4678437883,3.4678437434,4.494e-08,5.016e-09,optimal,4
449,ICRcrOx[_,10,19,3,3.4678437875,0.4678437875,3.4678437408,4.671e-08,5.260e-09,optimal,4
450,ICQbdW{Vg,10,21,3,3.4678437865,0.4678437865,3.4678437407,4.578e-08,4.442e-09,optimal,4
451,ICQb`rYlw,10,22,3,3.4678437836,0.4678437836,3.4678437422,4.137e-08,4.971e-09,optimal,4
452,I?`DBOk}_,10,16,4,4.4678437832,0.4678437832,4.4678437611,2.210e-08,5.531e-09,optimal,5
453,ICQeR`[{O,10,19,3,3.4678437825,0.4678437825,3.4678437387,4.375e-08,4.327e-09,optimal,4
454,I?`DB_k]?,10,14,4,4.4678437819,0.4678437819,4.4678437377,4.418e-08,2.660e-09,optimal,5
455,ICQbR_ykw,10,20,3,3.4678437813,0.4678437813,3.4678437399,4.146e-08,4.389e-09,optimal,4
456,ICQb`ry}W,10,23,3,3.4678437809,0.4678437809,3.4678437401,4.077e-08,5.595e-09,optimal,4
457,ICQRDO{]o,10,19,3,3.4678437803,0.4678437803,3.4678437386,4.174e-08,5.799e-09,optimal,4
458,ICQb`pzzo,10,23,3,3.4678437802,0.4678437802,3.4678437461,3.416e-08,4.578e-09,optimal,4
459,ICQbdW{dw,10,21,3,3.4678437796,0.4678437796,3.4678437440,3.553e-08,4.492e-09,optimal,4
460,ICQb`rYYw,10,21,3,3.4678437796,0.4678437796,3.4678437445,3.503e-08,4.751e-09,optimal,4
461,ICRV@qkvW,10,22,3,3.4678437794,0.4678437794,3.4678437483,3.107e-08,4.278e-09,optimal,4
462,ICQb`py|_,10,21,3,3.4678437792,0.4678437792,3.4678437416,3.762e-08,5.047e-09,optimal,4
463,ICRV@qkyW,10,21,3,3.4678437787,0.4678437787,3.4678437483,3.037e-08,4.965e-09,optimal,4
464,ICQb`rsuo,10,21,3,3.4678437780,0.4678437780,3.4678437395,3.851e-08,4.075e-09,optimal,4
465,ICOedq[zo,10,21,3,3.4678437775,0.4678437775,3.4678437396,3.785e-08,4.547e-09,optimal,4
466,ICQbdW{]o,10,21,3,3.4678437773,0.4678437773,3.4678437690,8.296e-09,4.879e-09,optimal,4
467,ICQbdW{]g,10,21,3,3.4678437769,0.4678437769,3.4678437496,2.734e-08,4.641e-09,optimal,4
468,ICQb`qr}w,10,23,3,3.4678437768,0.4678437768,3.4678437379,3.892e-08,4.605e-09,optimal,4
469,ICQeR`[x_,10,19,3,3.4678437767,0.4678437767,3.4678437438,3.288e-08,3.806e-09,optimal,4
470,ICOedqsfG,10,19,3,3.4678437763,0.4678437763,3.4678437460,3.025e-08,4.253e-09,optimal,4
471,ICQb`ry~W,10,24,3,3.4678437762,0.4678437762,3.4678437413,3.493e-08,5.224e-09,optimal,4
472,ICQeR`[cw,10,19,3,3.4678437759,0.4678437759,3.4678437393,3.653e-08,3.843e-09,optimal,4
473,I?`DBOkv?,10,15,4,4.4678437757,0.4678437757,4.4678437474,2.834e-08,4.675e-09,optimal,5
474,ICRV@qktg,10,21,3,3.4678437737,0.4678437737,3.4678437380,3.574e-08,3.022e-09,optimal,4
475,ICQeRa[t_,10,19,3,3.4678437734,0.4678437734,3.4678437393,3.414e-08,4.716e-09,optimal,4
476,ICQb`rYnO,10,21,3,3.4678437729,0.4678437729,3.4678437424,3.055e-08,3.996e-09,optimal,4
477,ICQb`rYfW,10,21,3,3.4678437726,0.4678437726,3.4678437450,2.765e-08,4.869e-09,optimal,4
478,ICQbR_yNw,10,21,3,3.4678437725,0.4678437725,3.4678437430,2.942e-08,3.865e-09,optimal,4
479,ICQb`rqvg,10,22,3,3.4678437725,0.4678437725,3.4678437426,2.986e-08,5.193e-09,optimal,4
480,ICQe`q[Zo,10,20,3,3.4678437723,0.4678437723,3.4678437624,9.902e-09,4.874e-09,optimal,4
481,ICQeR`[{o,10,20,3,3.4678437722,0.4678437722,3.4678437387,3.357e-08,4.148e-09,optimal,4
482,ICQbdW{lg,10,21,3,3.4678437720,0.4678437720,3.4678437386,3.344e-08,3.213e-09,optimal,4
483,ICQb`rYZW,10,21,3,3.4678437715,0.4678437715,3.4678437388,3.269e-08,3.498e-09,optimal,4
484,ICQbdW{Vw,10,22,3,3.4678437712,0.4678437712,3.4678437376,3.361e-08,3.807e-09,optimal,4
485,ICQRDO{|G,10,19,3,3.4678437707,0.4678437707,3.4678437452,2.553e-08,4.853e-09,optimal,4
486,ICOedq[|W,10,21,3,3.4678437707,0.4678437707,3.4678437380,3.277e-08,4.243e-09,optimal,4
487,ICQb`rsyo,10,21,3,3.4678437705,0.4678437705,3.4678437378,3.275e-08,5.793e-09,optimal,4
488,ICQb`rm]o,10,22,3,3.4678437703,0.4678437703,3.4678437375,3.276e-08,3.905e-09,optimal,4
489,ICQb`rq~?,10,21,3,3.4678437702,0.4678437702,3.4678437463,2.396e-08,4.344e-09,optimal,4
490,ICQb`rYtg,10,21,3,3.4678437702,0.4678437702,3.4678437380,3.219e-08,4.707e-09,optimal,4
491,ICOedq[~o,10,22,3,3.4678437697,0.4678437697,3.4678437412,2.849e-08,3.848e-09,optimal,4
492,ICQb`rs~G,10,22,3,3.4678437696,0.4678437696,3.4678437401,2.949e-08,3.734e-09,optimal,4
493,ICQb`rqsw,10,21,3,3.4678437695,0.4678437695,3.4678437382,3.134e-08,4.315e-09,optimal,4
494,ICQb`ryvw,10,24,3,3.4678437693,0.4678437693,3.4678437420,2.733e-08,4.655e-09,optimal,4
495,ICQb`rsno,10,22,3,3.4678437693,0.4678437693,3.4678437378,3.145e-08,3.544e-09,optimal,4
496,ICQb`qr|o,10,22,3,3.4678437692,0.4678437692,3.4678437407,2.852e-08,3.848e-09,optimal,4
497,ICQb`rs|g,10,22,3,3.4678437690,0.4678437690,3.4678437405,2.855e-08,5.353e-09,optimal,4
498,ICQe`q[}o,10,21,3,3.4678437690,0.4678437690,3.4678437384,3.060e-08,4.380e-09,optimal,4
499,ICQb`rr]w,10,23,3,3.4678437688,0.4678437688,3.4678437427,2.618e-08,4.012e-09,optimal,4
500,ICQebP[[g,10,19,3,3.4678437688,0.4678437688,3.4678437408,2.797e-08,2.901e-09,optimal,4
501,ICQeR`[ng,10,21,3,3.4678437686,0.4678437686,3.4678437599,8.740e-09,2.854e-09,optimal,4
502,ICOedq[}o,10,21,3,3.4678437682,0.4678437682,3.4678437389,2.932e-08,3.521e-09,optimal,4
503,ICOedq[}w,10,22,3,3.4678437679,0.4678437679,3.4678437414,2.648e-08,3.160e-09,optimal,4
504,ICQbR_ylO,10,19,3,3.4678437679,0.4678437679,3.4678437464,2.152e-08,3.531e-09,optimal,4
505,ICOedq[|w,10,22,3,3.4678437677,0.4678437677,3.4678437429,2.485e-08,3.696e-09,optimal,4
506,ICQb`qr|g,10,22,3,3.4678437676,0.4678437676,3.4678437407,2.692e-08,4.724e-09,optimal,4
507,ICQ`fH[jG,10,19,3,3.4678437675,0.4678437675,3.4678437497,1.778e-08,4.570e-09,optimal,4
508,ICQbdW{^G,10,21,3,3.4678437671,0.4678437671,3.4678437453,2.181e-08,3.626e-09,optimal,4
509,ICQb`riuo,10,21,3,3.4678437670,0.4678437670,3.4678437386,2.840e-08,5.353e-09,optimal,4
510,ICQb`qu~o,10,23,3,3.4678437669,0.4678437669,3.4678437383,2.866e-08,3.693e-09,optimal,4
511,ICQb`quz_,10,21,3,3.4678437668,0.4678437668,3.4678437679,1.094e-09,4.072e-09,optimal,4
512,ICQb`qurw,10,22,3,3.4678437667,0.4678437667,3.4678437426,2.412e-08,2.979e-09,optimal,4
513,ICQ`fP[x_,10,19,3,3.4678437664,0.4678437664,3.4678437380,2.843e-08,2.605e-09,optimal,4
514,ICQRDO{lW,10,19,3,3.4678437664,0.4678437664,3.4678437415,2.494e-08,4.565e-09,optimal,4
515,ICQ`fIkno,10,21,3,3.4678437661,0.4678437661,3.4678437424,2.374e-08,3.280e-09,optimal,4
516,ICQb`pyn_,10,21,3,3.4678437658,0.4678437658,3.4678437388,2.698e-08,4.418e-09,optimal,4
517,ICQb`rYyW,10,21,3,3.4678437657,0.4678437657,3.4678437430,2.265e-08,5.018e-09,optimal,4
518,ICQbdW{\g,10,21,3,3.4678437655,0.4678437655,3.4678437439,2.165e-08,2.925e-09,optimal,4
519,ICQb`pyzW,10,22,3,3.4678437655,0.4678437655,3.4678437433,2.214e-08,4.931e-09,optimal,4
520,ICpdQiwSo,10,19,3,3.4678437653,0.4678437653,3.4678437432,2.210e-08,4.536e-09,optimal,4
521,ICQb`riug,10,21,3,3.4678437653,0.4678437653,3.4678437390,2.630e-08,4.908e-09,optimal,4
522,ICOedK{|?,10,19,3,3.4678437650,0.4678437650,3.4678437445,2.051e-08,2.356e-09,optimal,4
523,ICQRDqk|w,10,22,3,3.4678437648,0.4678437648,3.4678437394,2.541e-08,5.771e-09,optimal,4
524,ICQb`rm~o,10,24,3,3.4678437642,0.4678437642,3.4678437415,2.277e-08,3.396e-09,optimal,4
525,ICQb`rq^g,10,22,3,3.4678437641,0.4678437641,3.4678437422,2.186e-08,5.053e-09,optimal,4
526,ICQb`rsnO,10,21,3,3.4678437639,0.4678437639,3.4678437539,9.988e-09,3.240e-09,optimal,4
527,ICRV@qk]w,10,22,3,3.4678437638,0.4678437638,3.4678437428,2.101e-08,2.381e-09,optimal,4
528,ICOedq[lW,10,20,3,3.4678437638,0.4678437638,3.4678437476,1.620e-08,3.212e-09,optimal,4
529,ICQb`q}|w,10,24,3,3.4678437635,0.4678437635,3.4678437408,2.273e-08,2.632e-09,optimal,4
530,ICQRDqkyo,10,20,3,3.4678437634,0.4678437634,3.4678437395,2.390e-08,5.559e-09,optimal,4
531,ICQb`rkv_,10,21,3,3.4678437634,0.4678437634,3.4678437455,1.783e-08,4.768e-09,optimal,4
532,ICQb`qrto,10,21,3,3.4678437634,0.4678437634,3.4678437446,1.879e-08,3.965e-09,optimal,4
533,ICQb`qr~G,10,22,3,3.4678437632,0.4678437632,3.4678437434,1.980e-08,3.730e-09,optimal,4
534,ICQRDO{^w,10,21,3,3.4678437629,0.4678437629,3.4678437491,1.387e-08,3.662e-09,optimal,4
535,ICRV@qk^O,10,21,3,3.4678437628,0.4678437628,3.4678437439,1.891e-08,2.962e-09,optimal,4
536,ICQb`qr~?,10,21,3,3.4678437626,0.4678437626,3.4678437398,2.284e-08,4.449e-09,optimal,4
537,ICQb`riqw,10,21,3,3.4678437625,0.4678437625,3.4678437417,2.083e-08,3.394e-09,optimal,4
538,ICQb`qu~G,10,22,3,3.4678437625,0.4678437625,3.4678437376,2.486e-08,4.913e-09,optimal,4
539,ICQb`pz]w,10,23,3,3.4678437624,0.4678437624,3.4678437400,2.240e-08,2.956e-09,optimal,4
540,I?`DE_sd_,10,14,4,4.4678437622,0.4678437622,4.4678437519,1.025e-08,2.610e-09,optimal,5
541,ICQb`quYw,10,21,3,3.4678437621,0.4678437621,3.4678437407,2.143e-08,5.165e-09,optimal,4
542,ICQbdW{NW,10,21,3,3.4678437620,0.4678437620,3.4678437415,2.049e-08,3.139e-09,optimal,4
543,ICQ`fJKVO,10,19,3,3.4678437620,0.4678437620,3.4678437408,2.118e-08,2.794e-09,optimal,4
544,ICQb`rqlw,10,22,3,3.4678437620,0.4678437620,3.4678437379,2.407e-08,3.730e-09,optimal,4
545,ICQRDO{^G,10,19,3,3.4678437618,0.4678437618,3.4678437400,2.177e-08,3.225e-09,optimal,4
546,ICQb`py]w,10,22,3,3.4678437617,0.4678437617,3.4678437432,1.855e-08,5.251e-09,optimal,4
547,ICQbdW{mW,10,21,3,3.4678437613,0.4678437613,3.4678437547,6.600e-09,2.808e-09,optimal,4
548,ICQeR`[dg,10,19,3,3.4678437611,0.4678437611,3.4678437448,1.632e-08,3.077e-09,optimal,4
549,ICQTbPcJO,10,17,3,3.4678437610,0.4678437610,3.4678437389,2.212e-08,2.299e-09,optimal,4
550,ICQb`quzg,10,22,3,3.4678437610,0.4678437610,3.4678437425,1.850e-08,3.426e-09,optimal,4
551,ICQRDqk~O,10,21,3,3.4678437609,0.4678437609,3.4678437512,9.785e-09,3.831e-09,optimal,4
552,ICOedYwxG,10,19,3,3.4678437608,0.4678437608,3.4678437447,1.609e-08,3.544e-09,optimal,4
553,ICRV@qk{g,10,21,3,3.4678437608,0.4678437608,3.4678437412,1.958e-08,3.422e-09,optimal,4
554,ICQ`fIkzW,10,21,3,3.4678437607,0.4678437607,3.4678437392,2.152e-08,4.258e-09,optimal,4
555,ICQb`rkRw,10,21,3,3.4678437606,0.4678437606,3.4678437396,2.103e-08,3.439e-09,optimal,4
556,ICQ`fIk}W,10,21,3,3.4678437603,0.4678437603,3.4678437446,1.568e-08,2.863e-09,optimal,4
557,ICQRDqkUW,10,19,3,3.4678437602,0.4678437602,3.4678437386,2.164e-08,3.745e-09,optimal,4
558,ICQb`ru~g,10,24,3,3.4678437601,0.4678437601,3.4678437411,1.906e-08,3.919e-09,optimal,4
559,ICQb`q}{o,10,22,3,3.4678437601,0.4678437601,3.4678437414,1.869e-08,3.228e-09,optimal,4
560,ICQdbRSfO,10,19,3,3.4678437599,0.4678437599,3.4678437386,2.135e-08,3.235e-09,optimal,4
561,ICQb`qulw,10,22,3,3.4678437597,0.4678437597,3.4678437576,2.083e-09,3.038e-09,optimal,4
562,ICQbdW{Ng,10,21,3,3.4678437597,0.4678437597,3.4678437429,1.674e-08,2.554e-09,optimal,4
563,ICQb`py~w,10,24,3,3.4678437596,0.4678437596,3.4678437434,1.613e-08,4.772e-09,optimal,4
564,ICQb`ru]w,10,23,3,3.4678437595,0.4678437595,3.4678437377,2.188e-08,2.576e-09,optimal,4
565,ICQb`qu|w,10,23,3,3.4678437592,0.4678437592,3.4678437430,1.625e-08,3.892e-09,optimal,4
566,ICQb`qu~g,10,23,3,3.4678437591,0.4678437591,3.4678437440,1.518e-08,3.754e-09,optimal,4
567,ICQb`rr]o,10,22,3,3.4678437591,0.4678437591,3.4678437389,2.028e-08,3.221e-09,optimal,4
568,ICQbR_y|w,10,22,3,3.4678437591,0.4678437591,3.4678437377,2.140e-08,2.714e-09,optimal,4
569,ICQbQrIRW,10,19,3,3.4678437589,0.4678437589,3.4678437450,1.396e-08,4.427e-09,optimal,4
570,ICQeRakN_,10,19,3,3.4678437589,0.4678437589,3.4678437455,1.334e-08,1.983e-09,optimal,4
571,ICQb`qujw,10,22,3,3.4678437588,0.4678437588,3.4678437408,1.799e-08,3.269e-09,optimal,4
572,ICQb`rsqw,10,21,3,3.4678437587,0.4678437587,3.4678437398,1.890e-08,2.905e-09,optimal,4
573,ICQb`pz}w,10,24,3,3.4678437587,0.4678437587,3.4678437415,1.719e-08,2.336e-09,optimal,4
574,ICQb`rssw,10,21,3,3.4678437587,0.4678437587,3.4678437409,1.778e-08,4.594e-09,optimal,4
575,ICQb`rmnO,10,22,3,3.4678437587,0.4678437587,3.4678437450,1.365e-08,2.868e-09,optimal,4
576,ICQb`rY]o,10,21,3,3.4678437587,0.4678437587,3.4678437400,1.865e-08,3.524e-09,optimal,4
577,ICQb`rqNo,10,21,3,3.4678437585,0.4678437585,3.4678437390,1.944e-08,3.693e-09,optimal,4
578,ICQbdW{rW,10,21,3,3.4678437584,0.4678437584,3.4678437394,1.903e-08,2.278e-09,optimal,4
579,ICQb`qr}_,10,21,3,3.4678437582,0.4678437582,3.4678437412,1.695e-08,2.750e-09,optimal,4
580,ICQb`rkLw,10,21,3,3.4678437581,0.4678437581,3.4678437396,1.851e-08,4.512e-09,optimal,4
581,ICQb`py~W,10,23,3,3.4678437581,0.4678437581,3.4678437548,3.317e-09,3.093e-09,optimal,4
582,ICQb`rk|G,10,21,3,3.4678437580,0.4678437580,3.4678437478,1.020e-08,4.659e-09,optimal,4
583,ICQeR`[zW,10,21,3,3.4678437580,0.4678437580,3.4678437380,2.000e-08,2.816e-09,optimal,4
584,ICQb`pylW,10,21,3,3.4678437580,0.4678437580,3.4678437499,8.116e-09,4.200e-09,optimal,4
585,ICQ`fIk{_,10,19,3,3.4678437578,0.4678437578,3.4678437424,1.538e-08,4.772e-09,optimal,4
586,ICQb`rY]W,10,21,3,3.4678437578,0.4678437578,3.4678437432,1.456e-08,2.162e-09,optimal,4
587,ICQb`rYfg,10,21,3,3.4678437573,0.4678437573,3.4678437430,1.429e-08,3.082e-09,optimal,4
588,ICQe`q[~w,10,23,3,3.4678437573,0.4678437573,3.4678437420,1.534e-08,5.061e-09,optimal,4
589,ICQb`py|w,10,23,3,3.4678437572,0.4678437572,3.4678437862,2.907e-08,3.809e-09,optimal,4
590,ICQb`r}zo,10,24,3,3.4678437569,0.4678437569,3.4678437434,1.343e-08,2.310e-09,optimal,4
591,ICQb`q}}w,10,24,3,3.4678437566,0.4678437566,3.4678437427,1.398e-08,2.198e-09,optimal,4
592,ICQeR`[~W,10,22,3,3.4678437566,0.4678437566,3.4678437425,1.407e-08,2.627e-09,optimal,4
593,ICQRDO{yg,10,19,3,3.4678437565,0.4678437565,3.4678437478,8.673e-09,2.953e-09,optimal,4
594,ICQRDO{uW,10,19,3,3.4678437564,0.4678437564,3.4678437430,1.340e-08,2.860e-09,optimal,4
595,ICQb`rYlo,10,21,3,3.4678437563,0.4678437563,3.4678437426,1.371e-08,2.546e-09,optimal,4
596,ICQTbHhj?,10,18,3,3.4678437562,0.4678437562,3.4678437385,1.770e-08,2.794e-09,optimal,4
597,ICRV@qk|O,10,21,3,3.4678437561,0.4678437561,3.4678437393,1.684e-08,2.351e-09,optimal,4
598,ICQb`qrlw,10,22,3,3.4678437558,0.4678437558,3.4678437452,1.063e-08,3.261e-09,optimal,4
599,ICQb`rinO,10,21,3,3.4678437558,0.4678437558,3.4678437424,1.335e-08,2.698e-09,optimal,4
600,ICQb`r{|o,10,23,3,3.4678437557,0.4678437557,3.4678437626,6.937e-09,4.415e-09,optimal,4
601,ICQeR`[vo,10,21,3,3.4678437556,0.4678437556,3.4678437376,1.802e-08,2.495e-09,optimal,4
602,ICQb`rsuW,10,21,3,3.4678437556,0.4678437556,3.4678437636,7.980e-09,3.584e-09,optimal,4
603,ICQb`rkZg,10,21,3,3.4678437554,0.4678437554,3.4678437495,5.904e-09,3.216e-09,optimal,4
604,ICQbdW{Jw,10,21,3,3.4678437552,0.4678437552,3.4678437376,1.766e-08,1.953e-09,optimal,4
605,ICQb`rkYw,10,21,3,3.4678437551,0.4678437551,3.4678437639,8.831e-09,2.238e-09,optimal,4
606,ICQb`rYro,10,21,3,3.4678437550,0.4678437550,3.4678437401,1.493e-08,4.104e-09,optimal,4
607,ICQb`quzW,10,22,3,3.4678437549,0.4678437549,3.4678437399,1.503e-08,3.055e-09,optimal,4
608,ICQRDO{vO,10,19,3,3.4678437548,0.4678437548,3.4678437469,7.902e-09,2.057e-09,optimal,4
609,ICQb`rr~O,10,23,3,3.4678437547,0.4678437547,3.4678437467,8.074e-09,4.944e-09,optimal,4
610,ICQREiwf_,10,19,3,3.4678437547,0.4678437547,3.4678437399,1.475e-08,3.165e-09,optimal,4
611,ICRV@qk~G,10,22,3,3.4678437547,0.4678437547,3.4678437407,1.396e-08,2.512e-09,optimal,4
612,ICQb`rqnW,10,22,3,3.4678437546,0.4678437546,3.4678437376,1.695e-08,2.233e-09,optimal,4
613,ICQb`r}~_,10,24,3,3.4678437545,0.4678437545,3.4678437406,1.399e-08,2.166e-09,optimal,4
614,ICQb`qulg,10,21,3,3.4678437544,0.4678437544,3.4678437447,9.788e-09,2.408e-09,optimal,4
615,ICQb`quuo,10,21,3,3.4678437544,0.4678437544,3.4678437406,1.378e-08,2.842e-09,optimal,4
616,ICQb`r}nw,10,25,3,3.4678437543,0.4678437543,3.4678437429,1.146e-08,1.815e-09,optimal,4
617,ICQeR`[do,10,19,3,3.4678437543,0.4678437543,3.4678437411,1.326e-08,1.874e-09,optimal,4
618,ICQb`ri}W,10,22,3,3.4678437543,0.4678437543,3.4678437388,1.554e-08,3.532e-09,optimal,4
619,ICQb`rynw,10,24,3,3.4678437543,0.4678437543,3.4678437380,1.624e-08,2.511e-09,optimal,4
620,ICQbdW{Vo,10,21,3,3.4678437540,0.4678437540,3.4678437481,5.951e-09,2.762e-09,optimal,4
621,I?`DBOk}O,10,16,4,4.4678437539,0.4678437539,4.4678437396,1.433e-08,1.747e-09,optimal,5
622,ICQeR`[Nw,10,21,3,3.4678437538,0.4678437538,3.4678437383,1.550e-08,2.284e-09,optimal,4
623,ICQb`py~g,10,23,3,3.4678437537,0.4678437537,3.4678437469,6.839e-09,2.795e-09,optimal,4
624,ICQRDqk~_,10,21,3,3.4678437537,0.4678437537,3.4678437408,1.289e-08,2.529e-09,optimal,4
625,I?`D@Rol?,10,14,4,4.4678437537,0.4678437537,4.4678437432,1.049e-08,1.824e-09,optimal,5
626,ICQb`rYUw,10,21,3,3.4678437537,0.4678437537,3.4678437540,2.817e-10,2.624e-09,optimal,4
627,ICQe`q[Ro,10,19,3,3.4678437535,0.4678437535,3.4678437379,1.560e-08,4.318e-09,optimal,4
628,ICQbR_y}w,10,22,3,3.4678437535,0.4678437535,3.4678437389,1.458e-08,2.195e-09,optimal,4
629,ICQb`r{~g,10,24,3,3.4678437535,0.4678437535,3.4678437390,1.451e-08,3.461e-09,optimal,4
630,ICQeR`kJo,10,19,3,3.4678437533,0.4678437533,3.4678437392,1.412e-08,2.540e-09,optimal,4
631,ICQbdW{nW,10,22,3,3.4678437532,0.4678437532,3.4678437408,1.238e-08,2.243e-09,optimal,4
632,I?`bC`WF_,10,14,4,4.4678437531,0.4678437531,4.4678437513,1.762e-09,2.848e-09,optimal,5
633,ICQRFO{u_,10,19,3,3.4678437531,0.4678437531,3.4678437437,9.352e-09,1.659e-09,optimal,4
634,ICOedq[qw,10,20,3,3.4678437530,0.4678437530,3.4678437395,1.357e-08,3.863e-09,optimal,4
635,ICQbdW{[w,10,21,3,3.4678437530,0.4678437530,3.4678437534,3.633e-10,2.316e-09,optimal,4
636,ICQ`fIkvo,10,21,3,3.4678437530,0.4678437530,3.4678437382,1.475e-08,2.668e-09,optimal,4
637,ICOedq[~w,10,23,3,3.4678437528,0.4678437528,3.4678437411,1.172e-08,2.815e-09,optimal,4
638,ICOedq[Zo,10,20,3,3.4678437528,0.4678437528,3.4678437381,1.465e-08,1.774e-09,optimal,4
639,ICQbdW{~_,10,22,3,3.4678437527,0.4678437527,3.4678437443,8.320e-09,2.140e-09,optimal,4
640,ICQbdW{kw,10,21,3,3.4678437526,0.4678437526,3.4678437384,1.418e-08,2.007e-09,optimal,4
641,ICQb`rm~w,10,25,3,3.4678437525,0.4678437525,3.4678437533,7.227e-10,2.185e-09,optimal,4
642,ICQRDqkWw,10,19,3,3.4678437524,0.4678437524,3.4678437406,1.180e-08,2.983e-09,optimal,4
643,ICQb`qruo,10,21,3,3.4678437523,0.4678437523,3.4678437408,1.150e-08,2.427e-09,optimal,4
644,ICQb`ry~w,10,25,3,3.4678437522,0.4678437522,3.4678437412,1.097e-08,3.091e-09,optimal,4
645,ICRV@qkYo,10,20,3,3.4678437521,0.4678437521,3.4678437534,1.283e-09,2.296e-09,optimal,4
646,ICQb`riXw,10,21,3,3.4678437520,0.4678437520,3.4678437378,1.426e-08,2.609e-09,optimal,4
647,ICQb`qr[w,10,21,3,3.4678437520,0.4678437520,3.4678437872,3.520e-08,2.562e-09,optimal,4
648,ICQb`r{|w,10,24,3,3.4678437520,0.4678437520,3.4678437379,1.411e-08,3.344e-09,optimal,4
649,ICRV@qkxo,10,21,3,3.4678437519,0.4678437519,3.4678437417,1.012e-08,1.799e-09,optimal,4
650,ICQb`rimw,10,22,3,3.4678437517,0.4678437517,3.4678437376,1.411e-08,2.459e-09,optimal,4
651,ICQb`rmzg,10,23,3,3.4678437516,0.4678437516,3.4678437579,6.332e-09,3.350e-09,optimal,4
652,ICQbR_ymw,10,21,3,3.4678437514,0.4678437514,3.4678437404,1.106e-08,2.080e-09,optimal,4
653,ICQe`q[eW,10,19,3,3.4678437514,0.4678437514,3.4678437429,8.489e-09,2.499e-09,optimal,4
654,ICQb`py~o,10,23,3,3.4678437513,0.4678437513,3.4678437429,8.437e-09,2.703e-09,optimal,4
655,ICQb`ry^o,10,23,3,3.4678437512,0.4678437512,3.4678437376,1.362e-08,2.545e-09,optimal,4
656,I?`DBOk]?,10,14,4,4.4678437512,0.4678437512,4.4678437428,8.363e-09,1.481e-09,optimal,5
657,ICQb`rY^o,10,22,3,3.4678437511,0.4678437511,3.4678437410,1.003e-08,2.308e-09,optimal,4
658,ICQb`pz~g,10,24,3,3.4678437510,0.4678437510,3.4678437485,2.540e-09,1.701e-09,optimal,4
659,ICQb`rqmw,10,22,3,3.4678437510,0.4678437510,3.4678437383,1.270e-08,2.322e-09,optimal,4
660,ICQbdW{^W,10,22,3,3.4678437510,0.4678437510,3.4678437385,1.244e-08,2.032e-09,optimal,4
661,ICQb`pynO,10,21,3,3.4678437509,0.4678437509,3.4678437423,8.648e-09,1.881e-09,optimal,4
662,ICQeR`[fw,10,21,3,3.4678437509,0.4678437509,3.4678437402,1.069e-08,3.012e-09,optimal,4
663,ICQbdW{^w,10,23,3,3.4678437508,0.4678437508,3.4678437393,1.156e-08,1.637e-09,optimal,4
664,ICQbR_y|o,10,21,3,3.4678437507,0.4678437507,3.4678437496,1.148e-09,2.593e-09,optimal,4
665,ICQb`rYew,10,21,3,3.4678437503,0.4678437503,3.4678437513,1.015e-09,3.662e-09,optimal,4
666,ICRV@qklW,10,21,3,3.4678437502,0.4678437502,3.4678437399,1.027e-08,1.957e-09,optimal,4
667,ICQb`ru|W,10,23,3,3.4678437502,0.4678437502,3.4678437398,1.038e-08,1.504e-09,optimal,4
668,ICQbR_y~w,10,23,3,3.4678437501,0.4678437501,3.4678437406,9.489e-09,1.830e-09,optimal,4
669,ICQb`r{uw,10,23,3,3.4678437501,0.4678437501,3.4678437449,5.188e-09,3.780e-09,optimal,4
670,ICQb`ry]w,10,23,3,3.4678437500,0.4678437500,3.4678437431,6.864e-09,2.262e-09,optimal,4
671,ICQb`rmvO,10,22,3,3.4678437499,0.4678437499,3.4678437394,1.046e-08,1.439e-09,optimal,4
672,ICQb`qu~W,10,23,3,3.4678437498,0.4678437498,3.4678437411,8.720e-09,3.308e-09,optimal,4
673,ICQb`ru{o,10,22,3,3.4678437498,0.4678437498,3.4678437379,1.187e-08,2.786e-09,optimal,4
674,ICQb`q}}o,10,23,3,3.4678437498,0.4678437498,3.4678437379,1.185e-08,1.489e-09,optimal,4
675,ICQRDO{]g,10,19,3,3.4678437497,0.4678437497,3.4678437437,6.049e-09,2.661e-09,optimal,4
676,ICQb`rY\w,10,22,3,3.4678437497,0.4678437497,3.4678437382,1.146e-08,2.965e-09,optimal,4
677,ICQb`rYjW,10,21,3,3.4678437496,0.4678437496,3.4678437494,1.898e-10,2.517e-09,optimal,4
678,ICQbdW{Nw,10,22,3,3.4678437496,0.4678437496,3.4678437468,2.783e-09,1.581e-09,optimal,4
679,ICQ`fIk|W,10,21,3,3.4678437493,0.4678437493,3.4678437396,9.713e-09,1.948e-09,optimal,4
680,ICQb`rqMw,10,21,3,3.4678437493,0.4678437493,3.4678437412,8.124e-09,4.633e-09,optimal,4
681,ICQRDqk^W,10,21,3,3.4678437493,0.4678437493,3.4678437455,3.716e-09,2.184e-09,optimal,4
682,ICQb`rqUw,10,21,3,3.4678437493,0.4678437493,3.4678437444,4.804e-09,5.213e-09,optimal,4
683,ICQeR`[t_,10,19,3,3.4678437492,0.4678437492,3.4678437430,6.200e-09,1.998e-09,optimal,4
684,ICQb`rm|g,10,23,3,3.4678437491,0.4678437491,3.4678437413,7.769e-09,2.879e-09,optimal,4
685,ICQb`rq{w,10,22,3,3.4678437490,0.4678437490,3.4678437376,1.138e-08,2.104e-09,optimal,4
686,ICQb`rmnW,10,23,3,3.4678437488,0.4678437488,3.4678437377,1.111e-08,1.756e-09,optimal,4
687,ICQbR_yng,10,21,3,3.4678437487,0.4678437487,3.4678437489,2.165e-10,1.375e-09,optimal,4
688,ICQb`rizo,10,22,3,3.4678437487,0.4678437487,3.4678437618,1.316e-08,2.682e-09,optimal,4
689,ICQb`rivO,10,21,3,3.4678437487,0.4678437487,3.4678437509,2.232e-09,2.123e-09,optimal,4
690,ICQb`riNW,10,21,3,3.4678437486,0.4678437486,3.4678437429,5.725e-09,2.289e-09,optimal,4
691,ICQb`pyz_,10,21,3,3.4678437485,0.4678437485,3.4678437415,6.933e-09,3.601e-09,optimal,4
692,ICQb`rqmo,10,21,3,3.4678437482,0.4678437482,3.4678437419,6.229e-09,1.916e-09,optimal,4
693,ICQb`qu|g,10,22,3,3.4678437479,0.4678437479,3.4678437476,3.326e-10,3.085e-09,optimal,4
694,ICQb`rslo,10,21,3,3.4678437479,0.4678437479,3.4678437459,2.043e-09,3.028e-09,optimal,4
695,ICQb`riZo,10,21,3,3.4678437478,0.4678437478,3.4678437440,3.885e-09,2.269e-09,optimal,4
696,ICQb`qujo,10,21,3,3.4678437478,0.4678437478,3.4678437448,3.062e-09,2.350e-09,optimal,4
697,ICQb`runO,10,22,3,3.4678437478,0.4678437478,3.4678437415,6.364e-09,2.297e-09,optimal,4
698,ICQb`ri}O,10,21,3,3.4678437478,0.4678437478,3.4678437400,7.774e-09,2.819e-09,optimal,4
699,ICQb`q}zw,10,24,3,3.4678437478,0.4678437478,3.4678437379,9.876e-09,1.384e-09,optimal,4
700,ICQb`rqjw,10,22,3,3.4678437476,0.4678437476,3.4678437435,4.112e-09,1.355e-09,optimal,4
701,ICQb`rs]w,10,22,3,3.4678437475,0.4678437475,3.4678437452,2.315e-09,1.313e-09,optimal,4
702,ICQb`r{]o,10,22,3,3.4678437475,0.4678437475,3.4678437380,9.474e-09,2.620e-09,optimal,4
703,ICQRDqk~w,10,23,3,3.4678437473,0.4678437473,3.4678437408,6.502e-09,2.359e-09,optimal,4
704,ICQbR_yjw,10,21,3,3.4678437473,0.4678437473,3.4678437458,1.501e-09,1.601e-09,optimal,4
705,I?`DBOk|_,10,16,4,4.4678437472,0.4678437472,4.4678437382,9.045e-09,1.728e-09,optimal,5
706,ICQeR`[Vw,10,21,3,3.4678437472,0.4678437472,3.4678437481,9.362e-10,2.791e-09,optimal,4
707,ICQb`ru|_,10,22,3,3.4678437471,0.4678437471,3.4678437689,2.177e-08,1.732e-09,optimal,4
708,ICQeR`[rw,10,21,3,3.4678437471,0.4678437471,3.4678437454,1.684e-09,3.757e-09,optimal,4
709,ICOfcywuG,10,20,3,3.4678437470,0.4678437470,3.4678437402,6.832e-09,1.125e-09,optimal,4
710,ICQb`ruxw,10,23,3,3.4678437469,0.4678437469,3.4678437643,1.736e-08,2.209e-09,optimal,4
711,ICQbR_yzg,10,21,3,3.4678437468,0.4678437468,3.4678437443,2.526e-09,1.520e-09,optimal,4
712,ICQ`fIk~O,10,21,3,3.4678437467,0.4678437467,3.4678437405,6.234e-09,2.068e-09,optimal,4
713,ICQb`rimW,10,21,3,3.4678437467,0.4678437467,3.4678437475,8.094e-10,3.018e-09,optimal,4
714,I?`DAhgJO,10,14,4,4.4678437466,0.4678437466,4.4678437438,2.798e-09,1.975e-09,optimal,5
715,ICQb`pz~w,10,25,3,3.4678437465,0.4678437465,3.4678437429,3.568e-09,1.586e-09,optimal,4
716,ICQRDqktw,10,21,3,3.4678437464,0.4678437464,3.4678437469,5.030e-10,2.574e-09,optimal,4
717,ICQb`rK]_,10,19,3,3.4678437464,0.4678437464,3.4678437431,3.354e-09,2.594e-09,optimal,4
718,ICQb`rYvg,10,22,3,3.4678437463,0.4678437463,3.4678437423,4.002e-09,1.735e-09,optimal,4
719,ICQ`fIk~o,10,22,3,3.4678437463,0.4678437463,3.4678437419,4.337e-09,2.913e-09,optimal,4
720,ICQb`rs]o,10,21,3,3.4678437463,0.4678437463,3.4678437433,2.927e-09,1.617e-09,optimal,4
721,ICQb`rino,10,22,3,3.4678437461,0.4678437461,3.4678437539,7.814e-09,2.036e-09,optimal,4
722,ICQb`ri~o,10,23,3,3.4678437461,0.4678437461,3.4678437436,2.502e-09,2.211e-09,optimal,4
723,ICQbdW{no,10,22,3,3.4678437460,0.4678437460,3.4678437532,7.106e-09,1.351e-09,optimal,4
724,I?`DBOk\?,10,14,4,4.4678437460,0.4678437460,4.4678437414,4.608e-09,8.845e-10,optimal,5
725,ICQbR_yzw,10,22,3,3.4678437460,0.4678437460,3.4678437416,4.376e-09,1.495e-09,optimal,4
726,ICQb`rqz_,10,21,3,3.4678437459,0.4678437459,3.4678437412,4.658e-09,1.825e-09,optimal,4
727,ICQTbRcjO,10,19,3,3.4678437456,0.4678437456,3.4678437386,6.946e-09,2.403e-09,optimal,4
728,ICQb`rkUw,10,21,3,3.4678437455,0.4678437455,3.4678437399,5.617e-09,2.180e-09,optimal,4
729,ICQbdW{}o,10,22,3,3.4678437455,0.4678437455,3.4678437685,2.305e-08,1.427e-09,optimal,4
730,ICQb`rk^_,10,21,3,3.4678437454,0.4678437454,3.4678437378,7.666e-09,2.843e-09,optimal,4
731,ICRV@qkyo,10,21,3,3.4678437454,0.4678437454,3.4678437392,6.231e-09,1.214e-09,optimal,4
732,ICQbdW{hw,10,21,3,3.4678437454,0.4678437454,3.4678437492,3.772e-09,2.903e-09,optimal,4
733,ICQb`rYMw,10,21,3,3.4678437453,0.4678437453,3.4678437404,4.910e-09,1.515e-09,optimal,4
734,ICQbR_yVw,10,21,3,3.4678437452,0.4678437452,3.4678437420,3.134e-09,1.559e-09,optimal,4
735,ICQb`pz~_,10,23,3,3.4678437451,0.4678437451,3.4678437462,1.075e-09,1.176e-09,optimal,4
736,ICQb`rikw,10,21,3,3.4678437450,0.4678437450,3.4678437444,5.835e-10,1.860e-09,optimal,4
737,ICQb`qr}g,10,22,3,3.4678437450,0.4678437450,3.4678437410,3.987e-09,2.403e-09,optimal,4
738,ICQbR_yug,10,20,3,3.4678437449,0.4678437449,3.4678437441,8.330e-10,1.463e-09,optimal,4
739,ICQb`r}~W,10,25,3,3.4678437449,0.4678437449,3.4678437428,2.033e-09,1.291e-09,optimal,4
740,ICQRDrKjG,10,19,3,3.4678437448,0.4678437448,3.4678437438,1.055e-09,2.171e-09,optimal,4
741,ICQb`rqnO,10,21,3,3.4678437448,0.4678437448,3.4678437378,6.969e-09,1.398e-09,optimal,4
742,ICQb`py}O,10,21,3,3.4678437447,0.4678437447,3.4678437386,6.131e-09,1.450e-09,optimal,4
743,ICQbdW{jo,10,21,3,3.4678437446,0.4678437446,3.4678437400,4.567e-09,1.527e-09,optimal,4
744,ICQb`q}xo,10,22,3,3.4678437444,0.4678437444,3.4678437422,2.200e-09,1.462e-09,optimal,4
745,ICQb`rYrw,10,22,3,3.4678437444,0.4678437444,3.4678437412,3.194e-09,1.974e-09,optimal,4
746,ICQb`rYto,10,21,3,3.4678437443,0.4678437443,3.4678437446,2.365e-10,1.819e-09,optimal,4
747,ICQb`rs}_,10,21,3,3.4678437443,0.4678437443,3.4678437402,4.074e-09,1.566e-09,optimal,4
748,ICQb`rkuo,10,21,3,3.4678437442,0.4678437442,3.4678437444,2.432e-10,2.847e-09,optimal,4
749,ICQb`q}|g,10,23,3,3.4678437442,0.4678437442,3.4678437383,5.896e-09,1.134e-09,optimal,4
750,ICQb`qrvw,10,23,3,3.4678437441,0.4678437441,3.4678437380,6.144e-09,1.894e-09,optimal,4
751,ICQeR`[^W,10,21,3,3.4678437440,0.4678437440,3.4678437384,5.612e-09,1.773e-09,optimal,4
752,ICRV@qkrW,10,21,3,3.4678437440,0.4678437440,3.4678437442,2.556e-10,1.129e-09,optimal,4
753,ICQe`q[}W,10,21,3,3.4678437440,0.4678437440,3.4678437467,2.710e-09,2.098e-09,optimal,4
754,ICOfdrcj_,10,20,3,3.4678437439,0.4678437439,3.4678437477,3.739e-09,2.333e-09,optimal,4
755,ICQb`rkro,10,21,3,3.4678437438,0.4678437438,3.4678437468,3.031e-09,2.313e-09,optimal,4
756,ICQb`r{ro,10,22,3,3.4678437437,0.4678437437,3.4678437635,1.985e-08,1.287e-09,optimal,4
757,ICQb`rijo,10,21,3,3.4678437436,0.4678437436,3.4678437420,1.627e-09,2.317e-09,optimal,4
758,ICQbdW{yw,10,22,3,3.4678437436,0.4678437436,3.4678437465,2.902e-09,1.104e-09,optimal,4
759,ICQeR`[y_,10,19,3,3.4678437436,0.4678437436,3.4678437381,5.495e-09,1.257e-09,optimal,4
760,ICQb`ryxo,10,22,3,3.4678437435,0.4678437435,3.4678437414,2.193e-09,1.835e-09,optimal,4
761,ICQb`rivW,10,22,3,3.4678437435,0.4678437435,3.4678437383,5.218e-09,2.026e-09,optimal,4
762,ICQb`rifo,10,21,3,3.4678437435,0.4678437435,3.4678437381,5.401e-09,1.371e-09,optimal,4
763,ICQb`r{zg,10,23,3,3.4678437434,0.4678437434,3.4678437408,2.650e-09,1.919e-09,optimal,4
764,ICQeR`[~w,10,23,3,3.4678437434,0.4678437434,3.4678437407,2.730e-09,1.344e-09,optimal,4
765,ICQbdW{}_,10,21,3,3.4678437434,0.4678437434,3.4678437410,2.445e-09,1.296e-09,optimal,4
766,ICQRDqkMW,10,19,3,3.4678437434,0.4678437434,3.4678437545,1.108e-08,1.768e-09,optimal,4
767,ICQb`ri|W,10,22,3,3.4678437434,0.4678437434,3.4678437452,1.797e-09,1.497e-09,optimal,4
768,ICQbR`Yqo,10,19,3,3.4678437434,0.4678437434,3.4678437395,3.894e-09,1.053e-09,optimal,4
769,ICQb`py~_,10,22,3,3.4678437434,0.4678437434,3.4678437409,2.501e-09,2.274e-09,optimal,4
770,ICQeR`[f_,10,19,3,3.4678437434,0.4678437434,3.4678437379,5.440e-09,2.235e-09,optimal,4
771,ICQb`quro,10,21,3,3.4678437433,0.4678437433,3.4678437395,3.717e-09,1.138e-09,optimal,4
772,ICQb`ryNo,10,22,3,3.4678437431,0.4678437431,3.4678437391,3.951e-09,1.616e-09,optimal,4
773,ICQb`rYsw,10,21,3,3.4678437430,0.4678437430,3.4678437406,2.490e-09,1.369e-09,optimal,4
774,ICQb`rYuW,10,21,3,3.4678437430,0.4678437430,3.4678437456,2.607e-09,1.373e-09,optimal,4
775,ICQbdW{jW,10,21,3,3.4678437430,0.4678437430,3.4678437406,2.310e-09,1.146e-09,optimal,4
776,ICQb`ri~_,10,22,3,3.4678437428,0.4678437428,3.4678437381,4.690e-09,2.025e-09,optimal,4
777,ICOedq[Jo,10,19,3,3.4678437427,0.4678437427,3.4678437392,3.479e-09,1.318e-09,optimal,4
778,ICQb`qryw,10,22,3,3.4678437426,0.4678437426,3.4678437406,2.036e-09,1.374e-09,optimal,4
779,ICQb`py|g,10,22,3,3.4678437426,0.4678437426,3.4678437418,8.459e-10,1.682e-09,optimal,4
780,ICQbR_yZW,10,20,3,3.4678437426,0.4678437426,3.4678437451,2.531e-09,1.236e-09,optimal,4
781,ICQb`qr~g,10,23,3,3.4678437425,0.4678437425,3.4678437392,3.310e-09,1.361e-09,optimal,4
782,ICQb`rYzg,10,22,3,3.4678437423,0.4678437423,3.4678437434,1.117e-09,1.453e-09,optimal,4
783,ICOedq[ZW,10,20,3,3.4678437423,0.4678437423,3.4678437389,3.395e-09,1.026e-09,optimal,4
784,ICQb`rrmw,10,23,3,3.4678437422,0.4678437422,3.4678437526,1.036e-08,1.095e-09,optimal,4
785,ICQb`qrLw,10,21,3,3.4678437422,0.4678437422,3.4678437513,9.120e-09,1.027e-09,optimal,4
786,ICQeR`[kW,10,19,3,3.4678437422,0.4678437422,3.4678437379,4.299e-09,1.329e-09,optimal,4
787,ICQb`qu]o,10,21,3,3.4678437421,0.4678437421,3.4678437496,7.468e-09,2.503e-09,optimal,4
788,ICQb`ri]W,10,21,3,3.4678437421,0.4678437421,3.4678437480,5.956e-09,1.441e-09,optimal,4
789,ICRV@qk[_,10,19,3,3.4678437420,0.4678437420,3.4678437532,1.122e-08,9.801e-10,optimal,4
790,ICOedq[qo,10,19,3,3.4678437420,0.4678437420,3.4678437392,2.744e-09,8.019e-10,optimal,4
791,ICQbdW{zo,10,22,3,3.4678437419,0.4678437419,3.4678437424,4.712e-10,1.109e-09,optimal,4
792,ICQb`rqno,10,22,3,3.4678437419,0.4678437419,3.4678437425,5.696e-10,1.681e-09,optimal,4
793,ICQe`q[|o,10,21,3,3.4678437419,0.4678437419,3.4678437430,1.127e-09,1.068e-09,optimal,4
794,ICQb`ry\o,10,22,3,3.4678437418,0.4678437418,3.4678437416,2.785e-10,2.058e-09,optimal,4
795,ICQeR`[rg,10,20,3,3.4678437418,0.4678437418,3.4678437598,1.804e-08,1.365e-09,optimal,4
796,ICQb`rY{w,10,22,3,3.4678437417,0.4678437417,3.4678437392,2.531e-09,1.228e-09,optimal,4
797,ICQb`ri{o,10,21,3,3.4678437417,0.4678437417,3.4678437431,1.472e-09,1.779e-09,optimal,4
798,ICQb`runW,10,23,3,3.4678437416,0.4678437416,3.4678437469,5.260e-09,9.113e-10,optimal,4
799,ICQe`q[~O,10,21,3,3.4678437415,0.4678437415,3.4678437487,7.201e-09,1.451e-09,optimal,4
800,ICQb`pyuo,10,21,3,3.4678437414,0.4678437414,3.4678437376,3.809e-09,1.845e-09,optimal,4
801,ICQbdW{z_,10,21,3,3.4678437414,0.4678437414,3.4678437449,3.482e-09,1.208e-09,optimal,4
802,ICQb`ry}o,10,23,3,3.4678437413,0.4678437413,3.4678437424,1.115e-09,1.100e-09,optimal,4
803,ICQb`rq^o,10,22,3,3.4678437412,0.4678437412,3.4678437383,2.852e-09,1.258e-09,optimal,4
804,ICQeR`[Jw,10,20,3,3.4678437411,0.4678437411,3.4678437434,2.255e-09,1.214e-09,optimal,4
805,ICQb`rYqw,10,21,3,3.4678437410,0.4678437410,3.4678437418,8.948e-10,1.289e-09,optimal,4
806,ICQb`ryvo,10,23,3,3.4678437408,0.4678437408,3.4678437432,2.384e-09,1.409e-09,optimal,4
807,ICQRDPqN?,10,17,3,3.4678437408,0.4678437408,3.4678437395,1.343e-09,9.768e-10,optimal,4
808,ICQdarSfO,10,19,3,3.4678437408,0.4678437408,3.4678437446,3.813e-09,8.318e-10,optimal,4
809,ICQRDO{~O,10,20,3,3.4678437408,0.4678437408,3.4678437453,4.557e-09,8.626e-10,optimal,4
810,ICRV@qkzw,10,23,3,3.4678437407,0.4678437407,3.4678437392,1.537e-09,8.035e-10,optimal,4
811,ICQebP[Mg,10,19,3,3.4678437406,0.4678437406,3.4678437418,1.227e-09,6.626e-10,optimal,4
812,ICQb`rk|g,10,22,3,3.4678437405,0.4678437405,3.4678437376,2.958e-09,1.923e-09,optimal,4
813,ICQb`rsz_,10,21,3,3.4678437404,0.4678437404,3.4678437397,6.901e-10,1.128e-09,optimal,4
814,ICQeR`[vG,10,20,3,3.4678437403,0.4678437403,3.4678437396,6.444e-10,1.317e-09,optimal,4
815,ICQb`rq^W,10,22,3,3.4678437403,0.4678437403,3.4678437451,4.859e-09,1.425e-09,optimal,4
816,ICQeR`[zg,10,21,3,3.4678437402,0.4678437402,3.4678437403,9.537e-11,2.199e-09,optimal,4
817,ICQb`rYyo,10,21,3,3.4678437402,0.4678437402,3.4678437522,1.200e-08,1.544e-09,optimal,4
818,ICQb`rYZo,10,21,3,3.4678437400,0.4678437400,3.4678437418,1.763e-09,1.152e-09,optimal,4
819,ICQb`rY|O,10,21,3,3.4678437400,0.4678437400,3.4678437392,7.893e-10,9.644e-10,optimal,4
820,ICQb`rY|W,10,22,3,3.4678437400,0.4678437400,3.4678437450,4.960e-09,1.008e-09,optimal,4
821,ICQb`rKu_,10,19,3,3.4678437400,0.4678437400,3.4678437380,2.039e-09,1.305e-09,optimal,4
822,ICQb`rm}O,10,22,3,3.4678437400,0.4678437400,3.4678437408,8.238e-10,1.329e-09,optimal,4
823,ICQbdW{qw,10,21,3,3.4678437399,0.4678437399,3.4678437525,1.257e-08,1.063e-09,optimal,4
824,ICQbdW{zG,10,21,3,3.4678437399,0.4678437399,3.4678437388,1.059e-09,7.800e-10,optimal,4
825,ICQb`rizO,10,21,3,3.4678437399,0.4678437399,3.4678437486,8.775e-09,1.120e-09,optimal,4
826,ICQb`rs]g,10,21,3,3.4678437398,0.4678437398,3.4678437427,2.902e-09,8.876e-10,optimal,4
827,ICQbR_ytw,10,21,3,3.4678437398,0.4678437398,3.4678437442,4.451e-09,9.189e-10,optimal,4
828,ICQb`rYzo,10,22,3,3.4678437397,0.4678437397,3.4678437471,7.394e-09,1.494e-09,optimal,4
829,ICQb`rY\o,10,21,3,3.4678437396,0.4678437396,3.4678437396,3.034e-12,1.304e-09,optimal,4
830,ICQb`qr]o,10,21,3,3.4678437396,0.4678437396,3.4678437516,1.197e-08,9.722e-10,optimal,4
831,ICQb`rk|o,10,22,3,3.4678437395,0.4678437395,3.4678437394,1.920e-10,2.412e-09,optimal,4
832,ICQb`pyjo,10,21,3,3.4678437395,0.4678437395,3.4678437429,3.415e-09,1.337e-09,optimal,4
833,ICQb`rYlW,10,21,3,3.4678437395,0.4678437395,3.4678437547,1.523e-08,8.501e-10,optimal,4
834,ICQb`rkrg,10,21,3,3.4678437394,0.4678437394,3.4678437401,6.363e-10,1.513e-09,optimal,4
835,ICQb`rYjw,10,22,3,3.4678437394,0.4678437394,3.4678437384,1.055e-09,1.208e-09,optimal,4
836,ICQb`rkn_,10,21,3,3.4678437393,0.4678437393,3.4678437403,1.014e-09,9.912e-10,optimal,4
837,ICQb`ru{w,10,23,3,3.4678437393,0.4678437393,3.4678437380,1.292e-09,1.632e-09,optimal,4
838,ICQeR`[}g,10,21,3,3.4678437391,0.4678437391,3.4678437387,4.478e-10,1.041e-09,optimal,4
839,ICQb`rqdw,10,21,3,3.4678437391,0.4678437391,3.4678437425,3.415e-09,1.096e-09,optimal,4
840,ICQb`pz]o,10,22,3,3.4678437390,0.4678437390,3.4678437563,1.723e-08,1.265e-09,optimal,4
841,ICQb`rq~_,10,22,3,3.4678437390,0.4678437390,3.4678437385,5.365e-10,1.238e-09,optimal,4
842,ICQb`r{z_,10,22,3,3.4678437390,0.4678437390,3.4678437380,1.042e-09,9.058e-10,optimal,4
843,ICQb`rqzo,10,22,3,3.4678437389,0.4678437389,3.4678437378,1.168e-09,1.608e-09,optimal,4
844,ICQb`rK~g,10,22,3,3.4678437389,0.4678437389,3.4678437447,5.825e-09,1.117e-09,optimal,4
845,ICQe`q[vw,10,22,3,3.4678437389,0.4678437389,3.4678437415,2.589e-09,1.387e-09,optimal,4
846,ICQbdW{sw,10,21,3,3.4678437389,0.4678437389,3.4678437400,1.132e-09,9.927e-10,optimal,4
847,ICQb`us[g,10,20,3,3.4678437388,0.4678437388,3.4678437508,1.200e-08,1.018e-09,optimal,4
848,ICQbRa[M_,10,18,3,3.4678437388,0.4678437388,3.4678437382,6.442e-10,8.799e-10,optimal,4
849,ICQb`rkZo,10,21,3,3.4678437387,0.4678437387,3.4678437439,5.191e-09,1.532e-09,optimal,4
850,ICQb`qung,10,22,3,3.4678437386,0.4678437386,3.4678437448,6.118e-09,1.076e-09,optimal,4
851,ICQb`rr~_,10,23,3,3.4678437386,0.4678437386,3.4678437415,2.971e-09,1.666e-09,optimal,4
852,ICQb`rs[o,10,20,3,3.4678437386,0.4678437386,3.4678437640,2.540e-08,8.986e-10,optimal,4
853,ICQeR`[[o,10,19,3,3.4678437385,0.4678437385,3.4678437432,4.632e-09,1.423e-09,optimal,4
854,ICQb`py|O,10,21,3,3.4678437384,0.4678437384,3.4678437399,1.507e-09,1.197e-09,optimal,4
855,I?`DBOkm?,10,14,4,4.4678437384,0.4678437384,4.4678437446,6.176e-09,1.245e-09,optimal,5
856,ICRV@qk[w,10,21,3,3.4678437384,0.4678437384,3.4678437460,7.643e-09,5.963e-10,optimal,4
857,ICQb`pyro,10,21,3,3.4678437383,0.4678437383,3.4678437393,9.408e-10,1.335e-09,optimal,4
858,I?`DBOkt_,10,15,4,4.4678437382,0.4678437382,4.4678437420,3.750e-09,9.558e-10,optimal,5
859,I?`DBOk~O,10,17,4,4.4678437382,0.4678437382,4.4678437415,3.352e-09,7.605e-10,optimal,5
860,I?`DBOk~_,10,17,4,4.4678437380,0.4678437380,4.4678437508,1.278e-08,6.825e-10,optimal,5
861,ICQb`ruuw,10,23,3,3.4678437380,0.4678437380,3.4678437392,1.180e-09,1.448e-09,optimal,4
862,ICQb`rYnw,10,23,3,3.4678437378,0.4678437378,3.4678437386,8.030e-10,1.003e-09,optimal,4
863,ICQbdW{nw,10,23,3,3.4678437377,0.4678437377,3.4678437378,7.427e-11,7.727e-10,optimal,4
864,I?`DBOk{?,10,14,4,4.4678437377,0.4678437377,4.4678437459,8.225e-09,8.585e-10,optimal,5
865,ICQb`rk{g,10,21,3,3.4678437375,0.4678437375,3.4678437489,1.141e-08,7.896e-10,optimal,4
866,ICQb`rumw,10,23,3,3.4678437374,0.4678437374,3.4678437461,8.703e-09,8.086e-10,optimal,4
867,ICQbdW{to,10,21,3,3.4678437373,0.4678437373,3.4678437411,3.823e-09,5.432e-10,optimal,4
868,ICQb`ryto,10,22,3,3.4678437372,0.4678437372,3.4678437431,5.861e-09,1.033e-09,optimal,4
869,ICQbRekMg,10,20,3,3.4678437371,0.4678437371,3.4678437428,5.738e-09,1.177e-09,optimal,4
870,ICQRFO{mO,10,19,3,3.4678437371,0.4678437371,3.4678437404,3.321e-09,1.358e-09,optimal,4
871,ICQRDqk]_,10,19,3,3.4678437371,0.4678437371,3.4678437404,3.301e-09,7.835e-10,optimal,4
872,ICQb`pyyo,10,21,3,3.4678437371,0.4678437371,3.4678437393,2.225e-09,7.069e-10,optimal,4
873,ICQbdW{jw,10,22,3,3.4678437371,0.4678437371,3.4678437450,7.962e-09,6.923e-10,optimal,4
874,ICQb`rkr_,10,20,3,3.4678437370,0.4678437370,3.4678437541,1.703e-08,1.091e-09,optimal,4
875,ICQb`r{uo,10,22,3,3.4678437370,0.4678437370,3.4678437490,1.196e-08,1.133e-09,optimal,4
876,ICQeR`[Jo,10,19,3,3.4678437369,0.4678437369,3.4678437433,6.355e-09,7.361e-10,optimal,4
877,ICQb`pyno,10,22,3,3.4678437369,0.4678437369,3.4678437444,7.474e-09,7.920e-10,optimal,4
878,ICQbdW{~G,10,22,3,3.4678437369,0.4678437369,3.4678437570,2.017e-08,5.874e-10,optimal,4
879,ICQb`rsxo,10,21,3,3.4678437369,0.4678437369,3.4678437423,5.436e-09,8.146e-10,optimal,4
880,ICQe`q[Vw,10,21,3,3.4678437368,0.4678437368,3.4678437393,2.522e-09,9.800e-10,optimal,4
881,ICQb`rk]o,10,21,3,3.4678437367,0.4678437367,3.4678437663,2.962e-08,9.434e-10,optimal,4
882,ICQeR`[]w,10,21,3,3.4678437367,0.4678437367,3.4678437420,5.380e-09,1.342e-09,optimal,4
883,ICQb`rsuw,10,22,3,3.4678437367,0.4678437367,3.4678437396,2.957e-09,9.557e-10,optimal,4
884,ICQb`ri|g,10,22,3,3.4678437366,0.4678437366,3.4678437404,3.810e-09,9.372e-10,optimal,4
885,ICQeR`[|W,10,21,3,3.4678437366,0.4678437366,3.4678437466,1.008e-08,1.418e-09,optimal,4
886,ICQb`pykw,10,21,3,3.4678437365,0.4678437365,3.4678437378,1.334e-09,8.005e-10,optimal,4
887,ICQbdW{|g,10,22,3,3.4678437365,0.4678437365,3.4678437584,2.190e-08,7.445e-10,optimal,4
888,ICQb`qumo,10,21,3,3.4678437365,0.4678437365,3.4678437417,5.273e-09,6.977e-10,optimal,4
889,ICQb`rY^O,10,21,3,3.4678437365,0.4678437365,3.4678437398,3.305e-09,7.891e-10,optimal,4
890,ICQbdW{zg,10,22,3,3.4678437365,0.4678437365,3.4678437464,9.964e-09,5.672e-10,optimal,4
891,ICOedq[JW,10,19,3,3.4678437364,0.4678437364,3.4678437464,9.962e-09,6.777e-10,optimal,4
892,ICQb`rKlg,10,20,3,3.4678437364,0.4678437364,3.4678437424,6.018e-09,7.847e-10,optimal,4
893,ICQb`r{~G,10,23,3,3.4678437364,0.4678437364,3.4678437458,9.382e-09,6.958e-10,optimal,4
894,ICQb`pyhw,10,21,3,3.4678437364,0.4678437364,3.4678437386,2.188e-09,9.027e-10,optimal,4
895,ICQb`rK}w,10,22,3,3.4678437364,0.4678437364,3.4678437412,4.835e-09,6.318e-10,optimal,4
896,ICQb`qukw,10,21,3,3.4678437363,0.4678437363,3.4678437383,1.954e-09,8.464e-10,optimal,4
897,ICQRDqk}W,10,21,3,3.4678437363,0.4678437363,3.4678437388,2.564e-09,7.641e-10,optimal,4
898,ICQbdW{~W,10,23,3,3.4678437362,0.4678437362,3.4678437442,8.031e-09,6.298e-10,optimal,4
899,ICQb`pyzo,10,22,3,3.4678437361,0.4678437361,3.4678437380,1.896e-09,1.052e-09,optimal,4
900,ICQbdW{mg,10,21,3,3.4678437361,0.4678437361,3.4678437402,4.143e-09,6.118e-10,optimal,4
901,ICQbdW{|O,10,21,3,3.4678437360,0.4678437360,3.4678437436,7.538e-09,5.133e-10,optimal,4
902,ICRV@qk]o,10,21,3,3.4678437360,0.4678437360,3.4678437421,6.177e-09,3.977e-10,optimal,4
903,ICQb`rY~W,10,23,3,3.4678437360,0.4678437360,3.4678437408,4.864e-09,8.031e-10,optimal,4
904,ICQb`rK{w,10,21,3,3.4678437359,0.4678437359,3.4678437407,4.710e-09,7.948e-10,optimal,4
905,ICQb`r{n_,10,22,3,3.4678437359,0.4678437359,3.4678437454,9.486e-09,6.117e-10,optimal,4
906,ICQb`rY~o,10,23,3,3.4678437359,0.4678437359,3.4678437398,3.870e-09,8.732e-10,optimal,4
907,ICQRDqk|W,10,21,3,3.4678437359,0.4678437359,3.4678437413,5.362e-09,8.942e-10,optimal,4
908,ICOedq[cw,10,19,3,3.4678437359,0.4678437359,3.4678437384,2.495e-09,4.832e-10,optimal,4
909,ICQb`rkZw,10,22,3,3.4678437358,0.4678437358,3.4678437436,7.709e-09,7.997e-10,optimal,4
910,ICQb`rsro,10,21,3,3.4678437358,0.4678437358,3.4678437414,5.582e-09,6.771e-10,optimal,4
911,ICQbbqsMW,10,20,3,3.4678437358,0.4678437358,3.4678437460,1.017e-08,6.286e-10,optimal,4
912,ICOedq[Yw,10,20,3,3.4678437357,0.4678437357,3.4678437378,2.071e-09,4.856e-10,optimal,4
913,I?`DBOk^W,10,17,4,4.4678437357,0.4678437357,4.4678437479,1.216e-08,5.386e-10,optimal,5
914,ICQb`rilo,10,21,3,3.4678437357,0.4678437357,3.4678437429,7.201e-09,8.264e-10,optimal,4
915,ICQe`phfG,10,19,3,3.4678437357,0.4678437357,3.4678437448,9.133e-09,7.299e-10,optimal,4
916,ICRV@qkzG,10,21,3,3.4678437357,0.4678437357,3.4678437403,4.659e-09,5.673e-10,optimal,4
917,ICQ`fIkyO,10,19,3,3.4678437356,0.4678437356,3.4678437395,3.868e-09,7.540e-10,optimal,4
918,ICOedq[Xo,10,19,3,3.4678437356,0.4678437356,3.4678437453,9.703e-09,4.138e-10,optimal,4
919,ICQb`rsnw,10,23,3,3.4678437355,0.4678437355,3.4678437388,3.284e-09,7.529e-10,optimal,4
920,ICQb`rY{g,10,21,3,3.4678437354,0.4678437354,3.4678437415,6.084e-09,7.825e-10,optimal,4
921,ICQb`rK|g,10,21,3,3.4678437354,0.4678437354,3.4678437470,1.159e-08,6.976e-10,optimal,4
922,ICQbdW{]W,10,21,3,3.4678437354,0.4678437354,3.4678437387,3.298e-09,5.870e-10,optimal,4
923,ICQbR_ylw,10,21,3,3.4678437353,0.4678437353,3.4678437513,1.595e-08,5.308e-10,optimal,4
924,ICQb`rq~w,10,24,3,3.4678437353,0.4678437353,3.4678437383,2.957e-09,6.399e-10,optimal,4
925,ICQb`rk}o,10,22,3,3.4678437352,0.4678437352,3.4678437383,3.090e-09,7.796e-10,optimal,4
926,ICQRDqkvW,10,21,3,3.4678437351,0.4678437351,3.4678437450,9.866e-09,1.277e-09,optimal,4
927,ICOedq[vo,10,21,3,3.4678437351,0.4678437351,3.4678437392,4.096e-09,4.612e-10,optimal,4
928,ICQRDO{w_,10,17,3,3.4678437351,0.4678437351,3.4678437384,3.330e-09,6.394e-10,optimal,4
929,ICQbR_y~O,10,21,3,3.4678437350,0.4678437350,3.4678437521,1.714e-08,5.840e-10,optimal,4
930,ICQb`riew,10,21,3,3.4678437349,0.4678437349,3.4678437409,6.017e-09,6.502e-10,optimal,4
931,ICQb`rYnW,10,22,3,3.4678437349,0.4678437349,3.4678437459,1.098e-08,5.934e-10,optimal,4
932,ICQbR_ysW,10,19,3,3.4678437349,0.4678437349,3.4678437388,3.862e-09,4.640e-10,optimal,4
933,ICQb`r}~O,10,24,3,3.4678437349,0.4678437349,3.4678437420,7.093e-09,3.790e-10,optimal,4
934,ICQb`rKzg,10,21,3,3.4678437348,0.4678437348,3.4678437397,4.905e-09,6.607e-10,optimal,4
935,ICQb`rs}o,10,22,3,3.4678437348,0.4678437348,3.4678437404,5.638e-09,4.427e-10,optimal,4
936,ICQb`rsjw,10,22,3,3.4678437348,0.4678437348,3.4678437378,2.994e-09,6.200e-10,optimal,4
937,ICQb`q}~_,10,23,3,3.4678437348,0.4678437348,3.4678437386,3.857e-09,1.616e-09,optimal,4
938,ICQe`q[~W,10,22,3,3.4678437348,0.4678437348,3.4678437437,8.962e-09,7.756e-10,optimal,4
939,ICQbdW{|W,10,22,3,3.4678437347,0.4678437347,3.4678437467,1.196e-08,4.745e-10,optimal,4
940,ICQRDqk]w,10,21,3,3.4678437347,0.4678437347,3.4678437754,4.062e-08,4.373e-10,optimal,4
941,ICQeR`[}O,10,20,3,3.4678437347,0.4678437347,3.4678437378,3.063e-09,6.252e-10,optimal,4
942,ICQb`rktg,10,21,3,3.4678437346,0.4678437346,3.4678437395,4.871e-09,5.404e-10,optimal,4
943,ICQe`q[NO,10,19,3,3.4678437346,0.4678437346,3.4678437387,4.130e-09,6.441e-10,optimal,4
944,ICQRDqknW,10,21,3,3.4678437346,0.4678437346,3.4678437400,5.465e-09,5.612e-10,optimal,4
945,ICQbdW{|_,10,21,3,3.4678437346,0.4678437346,3.4678437388,4.206e-09,4.761e-10,optimal,4
946,ICQb`quno,10,22,3,3.4678437345,0.4678437345,3.4678437410,6.494e-09,4.757e-10,optimal,4
947,ICQb`rY^g,10,22,3,3.4678437345,0.4678437345,3.4678437396,5.056e-09,7.372e-10,optimal,4
948,ICQb`rs|G,10,21,3,3.4678437345,0.4678437345,3.4678437509,1.638e-08,1.403e-09,optimal,4
949,ICRbdQydo,10,21,3,3.4678437345,0.4678437345,3.4678437383,3.809e-09,5.593e-10,optimal,4
950,ICQb`ry]o,10,22,3,3.4678437345,0.4678437345,3.4678437432,8.711e-09,5.598e-10,optimal,4
951,ICQbR_yno,10,21,3,3.4678437344,0.4678437344,3.4678437400,5.568e-09,4.706e-10,optimal,4
952,ICQb`rYNw,10,22,3,3.4678437344,0.4678437344,3.4678437384,3.937e-09,7.704e-10,optimal,4
953,ICQbdW{tg,10,21,3,3.4678437344,0.4678437344,3.4678437495,1.514e-08,5.787e-10,optimal,4
954,ICQb`rsug,10,21,3,3.4678437343,0.4678437343,3.4678437477,1.333e-08,5.309e-10,optimal,4
955,ICQb`r{rw,10,23,3,3.4678437343,0.4678437343,3.4678437601,2.572e-08,1.213e-09,optimal,4
956,ICQeR`[}W,10,21,3,3.4678437343,0.4678437343,3.4678437384,4.091e-09,4.730e-10,optimal,4
957,ICQb`rq|O,10,21,3,3.4678437343,0.4678437343,3.4678437378,3.462e-09,4.327e-10,optimal,4
958,ICQb`qulo,10,21,3,3.4678437343,0.4678437343,3.4678437463,1.204e-08,5.314e-10,optimal,4
959,ICQbR_yYo,10,19,3,3.4678437342,0.4678437342,3.4678437430,8.829e-09,2.691e-10,optimal,4
960,ICQb`rk|w,10,23,3,3.4678437341,0.4678437341,3.4678437413,7.203e-09,8.855e-10,optimal,4
961,ICQb`rqzO,10,21,3,3.4678437341,0.4678437341,3.4678437395,5.348e-09,5.759e-10,optimal,4
962,ICOedq[uw,10,21,3,3.4678437341,0.4678437341,3.4678437385,4.409e-09,4.059e-10,optimal,4
963,ICQb`rimo,10,21,3,3.4678437339,0.4678437339,3.4678437415,7.607e-09,4.654e-10,optimal,4
964,ICQRDqkNO,10,19,3,3.4678437339,0.4678437339,3.4678437493,1.542e-08,2.939e-10,optimal,4
965,ICQe`q[Z_,10,19,3,3.4678437338,0.4678437338,3.4678437435,9.632e-09,7.614e-10,optimal,4
966,ICQe`q[yO,10,19,3,3.4678437338,0.4678437338,3.4678437425,8.664e-09,5.078e-10,optimal,4
967,ICQb`rrno,10,23,3,3.4678437338,0.4678437338,3.4678437386,4.804e-09,3.530e-10,optimal,4
968,ICQbdW{^o,10,22,3,3.4678437338,0.4678437338,3.4678437406,6.810e-09,3.571e-10,optimal,4
969,ICQb`rs~W,10,23,3,3.4678437337,0.4678437337,3.4678437378,4.057e-09,7.111e-10,optimal,4
970,ICQeR`[\O,10,19,3,3.4678437337,0.4678437337,3.4678437397,6.045e-09,4.067e-10,optimal,4
971,ICQbR_yuO,10,19,3,3.4678437337,0.4678437337,3.4678437446,1.096e-08,3.689e-10,optimal,4
972,ICRV@qkuW,10,21,3,3.4678437335,0.4678437335,3.4678437447,1.121e-08,2.637e-10,optimal,4
973,ICQb`r{}o,10,23,3,3.4678437335,0.4678437335,3.4678437396,6.131e-09,4.183e-10,optimal,4
974,ICQe`q[vg,10,21,3,3.4678437334,0.4678437334,3.4678437423,8.868e-09,4.411e-10,optimal,4
975,ICQRDqk^_,10,20,3,3.4678437334,0.4678437334,3.4678437410,7.600e-09,3.808e-10,optimal,4
976,ICRV@qkz_,10,21,3,3.4678437333,0.4678437333,3.4678437405,7.221e-09,5.077e-10,optimal,4
977,ICQb`qu{w,10,22,3,3.4678437332,0.4678437332,3.4678437487,1.548e-08,3.334e-10,optimal,4
978,ICQb`rY^_,10,21,3,3.4678437332,0.4678437332,3.4678437411,7.857e-09,4.159e-10,optimal,4
979,ICQb`qr\o,10,21,3,3.4678437330,0.4678437330,3.4678437411,8.100e-09,5.951e-10,optimal,4
980,ICQbR_yYw,10,20,3,3.4678437330,0.4678437330,3.4678437445,1.147e-08,5.627e-10,optimal,4
981,ICQbdW{lo,10,21,3,3.4678437330,0.4678437330,3.4678437393,6.365e-09,2.387e-10,optimal,4
982,ICQb`rK~w,10,23,3,3.4678437329,0.4678437329,3.4678437425,9.553e-09,2.529e-10,optimal,4
983,ICQ`fIk|o,10,21,3,3.4678437329,0.4678437329,3.4678437444,1.150e-08,4.058e-10,optimal,4
984,ICQb`r{xo,10,22,3,3.4678437328,0.4678437328,3.4678437382,5.365e-09,4.145e-10,optimal,4
985,ICQb`ry|_,10,22,3,3.4678437327,0.4678437327,3.4678437406,7.930e-09,3.530e-10,optimal,4
986,ICQe`q[}g,10,21,3,3.4678437327,0.4678437327,3.4678437416,8.885e-09,3.475e-10,optimal,4
987,ICQb`rkVg,10,21,3,3.4678437326,0.4678437326,3.4678437385,5.876e-09,4.492e-10,optimal,4
988,ICQbdW{fo,10,21,3,3.4678437326,0.4678437326,3.4678437537,2.112e-08,2.013e-10,optimal,4
989,ICQbdW{ew,10,21,3,3.4678437325,0.4678437325,3.4678437492,1.668e-08,2.472e-10,optimal,4
990,ICQbR_yUw,10,20,3,3.4678437322,0.4678437322,3.4678437536,2.139e-08,3.037e-10,optimal,4
991,ICQb`riZW,10,21,3,3.4678437320,0.4678437320,3.4678437392,7.160e-09,3.496e-10,optimal,4
992,ICQb`r{|_,10,22,3,3.4678437319,0.4678437319,3.4678437404,8.451e-09,2.414e-10,optimal,4
993,ICQRDiUmG,10,19,3,3.4678437319,0.4678437319,3.4678437416,9.731e-09,1.585e-10,optimal,4
994,ICQb`pyng,10,22,3,3.4678437318,0.4678437318,3.4678437533,2.154e-08,2.120e-10,optimal,4
995,ICQ`fIk}o,10,21,3,3.4678437317,0.4678437317,3.4678437391,7.424e-09,3.386e-10,optimal,4
996,ICQeV`[Mo,10,20,3,3.4678437316,0.4678437316,3.4678437376,5.989e-09,1.831e-10,optimal,4
997,ICQb`rkzw,10,23,3,3.4678437312,0.4678437312,3.4678437749,4.365e-08,2.639e-10,optimal,4
998,ICQb`rkto,10,21,3,3.4678437311,0.4678437311,3.4678437417,1.058e-08,2.168e-10,optimal,4
999,ICQRDPqN_,10,18,3,3.4678437309,0.4678437309,3.4678437473,1.643e-08,1.499e-10,optimal,4
1000,ICQ`fIk~w,10,23,3,3.4678437304,0.4678437304,3.4678437447,1.429e-08,1.330e-10,optimal,4
