graph6,n,edges,alpha,theta,delta,perfect,chi_comp,solve_time,status,pr
F??Fw,7,6,6,6.000000000157682,1.5768186756304203e-10,True,6,0.0004908490227535367,solved,5.2867432696115145e-12
F?AFo,7,6,5,4.999999996390429,-3.609571308516024e-09,True,5,0.0010491939901839942,solved,3.1137341036644765e-11
F?AFw,7,7,5,5.0000000012205605,1.2205605415260834e-09,True,5,0.0007242959982249886,solved,1.0370990774223099e-10
F?B@w,7,6,5,4.9999999890303135,-1.0969686492501296e-08,True,5,0.0012680520012509078,solved,1.2383427616668996e-12
F?BDo,7,6,5,5.000000012586617,1.2586617081922213e-08,True,5,0.0010180730023421347,solved,6.023475444882429e-10
F?BDw,7,7,5,5.000000009286839,9.286838853483914e-09,True,5,0.0010261090064886957,solved,3.5779904653881705e-10
F?BFo,7,7,5,5.000000001961709,1.96170901745063e-09,True,5,0.0012314600171521306,solved,1.7760216118848208e-10
F?BFw,7,8,5,4.999999992833102,-7.1668981860284475e-09,True,5,0.0008170429791789502,solved,4.5441351952500984e-10
F?Bco,7,6,5,5.000000039821129,3.982112861677933e-08,True,5,0.0015941379824653268,solved,2.3997242184796563e-09
F?Bcw,7,7,5,5.000000017808014,1.780801373030272e-08,True,5,0.0020112079801037908,solved,1.3223684318961712e-09
F?Beo,7,7,5,5.000000013491501,1.3491501249518478e-08,True,5,0.0017120470001827925,solved,1.0875414725123104e-09
F?Bew,7,8,5,4.999999994165132,-5.83486770011632e-09,True,5,0.0016428009839728475,solved,1.3463065436492637e-10
F?Bfo,7,8,5,5.000000019874542,1.987454201213268e-08,True,5,0.0019038460159208626,solved,1.4681861474095282e-08
F?Bfw,7,9,5,4.99999999454628,-5.453720142156726e-09,True,5,0.0014838429924566299,solved,1.0231189628591527e-10
F?BvO,7,8,5,5.0000000059125265,5.91252646842122e-09,True,5,0.002224274998297915,solved,2.166223103569325e-09
F?BvW,7,9,5,5.000000041735208,4.1735208178295125e-08,True,5,0.0012244489917065948,solved,3.648131504236444e-09
F?Bvo,7,9,5,4.999999993676954,-6.3230460867202964e-09,True,5,0.001141548011219129,solved,1.742165788525856e-10
F?Bvw,7,10,5,5.000000003472968,3.4729676912093055e-09,True,5,0.000845835980726406,solved,1.379157518972037e-10
F?B~o,7,10,5,4.999999997901659,-2.0983410564667793e-09,True,5,0.0002658860175870359,solved,9.326159489402892e-11
F?B~w,7,11,5,4.999999988266091,-1.1733908955591232e-08,True,5,0.00016222201520577073,solved,1.6101503661179062e-10
F?`F_,7,6,4,4.0000000014259305,1.4259304847996646e-09,True,4,0.0013436700101010501,solved,9.591862317844174e-11
F?`Fo,7,7,4,4.000000003633838,3.633838119299071e-09,True,4,0.0016215429932344705,solved,7.903625532024322e-10
F?`Fw,7,8,4,3.999999990124181,-9.875818829385707e-09,True,4,0.0006106270011514425,solved,4.884981308350689e-15
F?`cg,7,6,4,3.9999999981207774,-1.87922255534545e-09,True,4,0.001338914007646963,solved,1.100925436482727e-09
F?`cw,7,7,4,3.9999999993131894,-6.868106083857128e-10,True,4,0.0011578930134419352,solved,1.6771123997792e-10
F?`e_,7,6,4,4.000000003770454,3.7704541711036654e-09,True,4,0.001314583991188556,solved,5.733523290366173e-10
F?`eg,7,7,4,4.0000000050621365,5.062136487765656e-09,True,4,0.0013144149852450937,solved,7.514242048473408e-10
F?`eo,7,7,4,4.000000004964128,4.964127775508587e-09,True,4,0.001157437014626339,solved,3.4673412843208395e-10
F?`ew,7,8,4,3.9999999936102784,-6.389721640687185e-09,True,4,0.0011817190097644925,solved,2.689625828095377e-10
F?`f_,7,7,4,4.000000001685556,1.6855556950190476e-09,True,4,0.0012410329945851117,solved,1.293638843785902e-10
F?`fg,7,8,4,4.000000000373947,3.7394709551108463e-10,True,4,0.001412561978213489,solved,3.5811530389089946e-10
F?`fo,7,8,4,3.999999994522279,-5.477720943503073e-09,True,4,0.0011026800202671438,solved,3.7312862023861083e-10
F?`fw,7,9,4,4.000000001434861,1.4348611188097493e-09,True,4,0.0009197529871016741,solved,1.172380912063849e-10
F?`uO,7,7,4,4.000000003493066,3.4930662806686996e-09,True,4,0.0011024779814761132,solved,3.12648819794283e-10
F?`uW,7,8,4,3.999999979609984,-2.039001589793088e-08,True,4,0.0011169319914188236,solved,1.1904921493055554e-12
F?`v?,7,7,4,4.00000000188957,1.8895702780241663e-09,True,4,0.0012515450071077794,solved,1.4280602211544796e-10
F?`vG,7,8,4,3.9999999744978316,-2.550216837704511e-08,True,4,0.0012366010050754994,solved,1.243534097431414e-09
F?`vO,7,8,4,3.99999999302669,-6.9733099294921885e-09,True,4,0.0011597239936236292,solved,5.515587986337778e-13
F?`vW,7,9,4,3.9999999914705646,-8.529435380211225e-09,True,4,0.0011674239940475672,solved,4.998224056862455e-13
F?`v_,7,8,4,3.999999999134812,-8.651879213061875e-10,True,4,0.0010789819934871048,solved,4.8340348207264745e-11
F?`vg,7,9,4,4.000000040790624,4.0790624211695103e-08,True,4,0.0012394959921948612,solved,3.8693902652281735e-09
F?`vo,7,9,4,3.999999994809916,-5.190083918193977e-09,True,4,0.0013117020134814084,solved,1.4068403931432562e-10
F?`vw,7,10,4,4.000000027396471,2.7396470869689438e-08,True,4,0.0010920269996859133,solved,4.195150379135259e-09
F?aN_,7,7,4,3.999999999644467,-3.555329364246518e-10,True,4,0.0020730739925056696,solved,6.740271473161234e-12
F?aNo,7,8,4,4.000000017392735,1.739273525203089e-08,True,4,0.0021274810133036226,solved,6.927360757423436e-09
F?aNw,7,9,4,4.000000000557039,5.570388594833275e-10,True,4,0.002142142999218777,solved,3.7134171037143236e-11
F?bB_,7,6,4,4.000000000615466,6.154659004664609e-10,True,4,0.002752375992713496,solved,1.2631336805982193e-09
F?bBo,7,7,4,4.000000006531491,6.5314909036828794e-09,False,4,0.0030415880028158426,solved,9.37725771879699e-10
F?bDg,7,7,4,4.000000004087212,4.087212346348679e-09,True,4,0.0016973610036075115,solved,2.3123025393690826e-09
F?bDo,7,7,4,4.000000060477771,6.047777123541209e-08,True,4,0.0013277889811433852,solved,4.825626944001532e-09
F?bF_,7,7,4,3.9999999976059932,-2.394006770600754e-09,True,4,0.001751759002218023,solved,2.755703017204511e-10
F?bFg,7,8,4,3.999999985932287,-1.4067713216547872e-08,True,4,0.001534859009552747,solved,3.577897927379444e-10
F?bFo,7,8,4,4.00000001503735,1.5037350031832375e-08,True,4,0.001599466981133446,solved,6.041833924166134e-09
F?bFw,7,9,4,4.000000000505098,5.050981854992642e-10,True,4,0.0010954029858112335,solved,3.141660955125978e-11
F?bLo,7,8,4,3.999999973254513,-2.674548715830838e-08,True,4,0.0011327389802318066,solved,2.4484858585083202e-12
F?bLw,7,9,4,4.000000019793376,1.9793375827248383e-08,True,4,0.0010026040254160762,solved,1.5607779433312863e-09
F?bN_,7,8,4,3.9999999999827525,-1.7247536732156732e-11,True,4,0.0012352929916232824,solved,4.440892098500626e-16
F?bNg,7,9,4,3.999999999582174,-4.1782621806873976e-10,True,4,0.00126765898312442,solved,9.874827995510363e-12
F?bNo,7,9,4,3.9999999937104205,-6.289579523865996e-09,True,4,0.0011787399998866022,solved,1.4589510059845683e-12
F?bNw,7,10,4,4.000000001262048,1.262048243688696e-09,True,4,0.0008110679918900132,solved,1.035442029231834e-10
F?bao,7,7,4,4.00000000434102,4.341019987919026e-09,False,4,0.0014636820123996586,solved,7.00470173340833e-10
F?baw,7,8,4,3.9999999979146503,-2.0853496707218255e-09,True,4,0.0012957949948031455,solved,5.105971274240678e-11
F?bbo,7,8,4,3.999999995504407,-4.495592786923908e-09,False,4,0.0013681699929293245,solved,2.5006364202753055e-11
F?bbw,7,9,4,4.00000000005281,5.2810200656949746e-11,True,4,0.0014706130023114383,solved,7.914588188841471e-11
F?bcw,7,8,4,4.000000002776346,2.776346263999585e-09,True,4,0.001253091002581641,solved,2.0172966142041415e-10
F?beg,7,8,4,4.00000000175777,1.757769929611186e-09,True,4,0.0012681619846262038,solved,1.0745621929899003e-10
F?beo,7,8,4,3.999999996471729,-3.5282710086903535e-09,True,4,0.0013099870120640844,solved,1.116082647611859e-10
F?bew,7,9,4,3.999999998200466,-1.7995338552623252e-09,True,4,0.0012760789832100272,solved,1.1401990462900358e-13
F?bf_,7,8,4,3.999999997651676,-2.3483242017618977e-09,True,4,0.0012644870148506016,solved,1.2313987492057566e-10
F?bfg,7,9,4,4.000000001228989,1.2289893547290376e-09,True,4,0.0015254679892677814,solved,2.2363283095894992e-10
F?bfo,7,9,4,4.000000006220696,6.220695958347733e-09,True,4,0.001478993013733998,solved,5.145500129640515e-10
F?bfw,7,10,4,3.9999999954806444,-4.519355556453775e-09,True,4,0.001327821984887123,solved,1.4964522629871763e-10
F?bmo,7,9,4,3.9999999960565797,-3.943420257002117e-09,True,4,0.0012248079874552786,solved,3.2792742129251966e-10
F?bmw,7,10,4,3.9999999976568996,-2.3431003803864314e-09,True,4,0.0009416930261068046,solved,1.349807123847845e-10
F?bno,7,10,4,3.9999999890834754,-1.0916524573190145e-08,True,4,0.0008718669996596873,solved,1.8644547628059113e-10
F?bnw,7,11,4,4.000000012338969,1.2338968957692487e-08,True,4,0.0007159109809435904,solved,1.5906523356889052e-09
F?bro,7,9,4,4.000000003457557,3.4575569074490886e-09,False,4,0.001385876996209845,solved,2.5739313693181015e-10
F?brw,7,10,4,3.9999999961044983,-3.895501698991666e-09,True,4,0.0014335360028780997,solved,2.1027624086400465e-13
F?bvO,7,9,4,4.0000000026702125,2.670212495559099e-09,True,4,0.0012615039886441082,solved,3.1866627654479505e-10
F?bvW,7,10,4,3.9999999947444222,-5.255577750773455e-09,True,4,0.0014666180068161339,solved,9.027223413227148e-13
F?bv_,7,9,4,3.999999963333956,-3.666604397878359e-08,True,4,0.0016571519954595715,solved,3.8693492854235956e-12
F?bvg,7,10,4,3.999999984042146,-1.5957854149206696e-08,True,4,0.0015251680160872638,solved,6.656012203505925e-10
F?bvo,7,10,4,3.9999999933462753,-6.65372468233727e-09,True,4,0.0013651100161951035,solved,7.122080702970379e-13
F?bvw,7,11,4,3.9999999963639734,-3.636026590925212e-09,True,4,0.0013553170138038695,solved,3.1608049511078207e-13
F?b~o,7,11,4,3.9999999999710787,-2.8921309791485328e-11,True,4,0.0004446620005182922,solved,1.3771641871894027e-09
F?b~w,7,12,4,3.9999999977942653,-2.20573470599561e-09,True,4,0.0003901239833794534,solved,1.6753265441593612e-13
F?opo,7,7,4,3.999999997484009,-2.5159909711192086e-09,True,4,0.0017021110106725246,solved,1.7508217098338719e-13
F?osW,7,7,4,4.0000000059587135,5.958713522602466e-09,True,4,0.0013619860110338777,solved,5.051375880836303e-10
F?otO,7,7,4,4.000000002723265,2.7232651689246268e-09,True,4,0.0012877749977633357,solved,2.491368606519194e-10
F?otW,7,8,4,3.9999999957096084,-4.2903915975500695e-09,True,4,0.0012930379889439791,solved,1.6501356736853453e-10
F?oto,7,8,4,4.000000009540107,9.540107370753503e-09,True,4,0.0009639350173529238,solved,2.919050497644141e-09
F?ouW,7,8,4,3.9999999917952795,-8.204720458593329e-09,True,4,0.002195567009039223,solved,3.1556696191726205e-10
F?ov?,7,7,4,3.999999999579607,-4.203930537016731e-10,True,4,0.002051494986517355,solved,3.142742492884607e-11
F?ovO,7,8,4,3.9999999954773497,-4.522650254301652e-09,True,4,0.0021013279911130667,solved,2.5591699883309477e-10
F?ovW,7,9,4,4.000000039456379,3.9456378608804243e-08,True,4,0.0016140810039360076,solved,4.924666247659585e-09
F?ov_,7,8,4,3.999999966502717,-3.3497283169481307e-08,True,4,0.0025565740070305765,solved,3.953615212992645e-12
F?ovo,7,9,4,3.9999999975624836,-2.437516410935814e-09,True,4,0.0022059929906390607,solved,5.407483103355629e-10
F?ovw,7,10,4,4.000000018288565,1.828856532881673e-08,True,4,0.0018040399882011116,solved,2.433975401974766e-09
F?o|W,7,9,4,3.9999999906580257,-9.341974305243639e-09,True,4,0.0017724100034683943,solved,3.8979930394589246e-13
F?o|o,7,9,4,4.000000016047003,1.6047002837638047e-08,True,4,0.001483140018535778,solved,2.4120639403583005e-09
F?o}W,7,9,4,4.000000034942477,3.494247735602585e-08,True,4,0.0020607619953807443,solved,3.5031087339497777e-09
F?o~O,7,9,4,3.999999989732561,-1.0267438899091985e-08,True,4,0.0018591299885883927,solved,1.2572324861408815e-10
F?o~W,7,10,4,4.000000005655757,5.655756751821173e-09,True,4,0.0015969719970598817,solved,6.887122980398525e-10
F?o~_,7,9,4,3.9999999815176017,-1.8482398278507617e-08,False,4,0.002379534998908639,solved,3.4469094245537235e-12
F?o~o,7,10,4,4.0000000081695815,8.169581455774733e-09,True,4,0.001883356977486983,solved,1.2092825456574645e-09
F?o~w,7,11,4,3.9999999961724386,-3.827561378955124e-09,True,4,0.001850700005888939,solved,1.4765681639307587e-10
F?q_w,7,7,4,3.9999999998228923,-1.7710766186951332e-10,True,4,0.0020874799811281264,solved,8.161341283593724e-12
F?q`o,7,7,4,4.000000001259452,1.2594520981679125e-09,False,4,0.001564888982102275,solved,4.533430375451957e-09
F?qaw,7,8,4,4.000000047439711,4.74397108263247e-08,True,4,0.0018101910245604813,solved,5.439535996825672e-09
F?qb_,7,7,4,3.9999999944777964,-5.522203583296914e-09,True,4,0.002013181976508349,solved,4.114147199781674e-10
F?qbo,7,8,4,3.999999982442703,-1.7557296949632928e-08,False,4,0.001582270982908085,solved,2.810751631443509e-12
F?qbw,7,9,4,4.000000027989349,2.7989348616586085e-08,True,4,0.0014100300031714141,solved,6.417668578955794e-09
F?qcw,7,8,4,3.9999999971112494,-2.888750572083154e-09,True,4,0.0020935960055794567,solved,1.57123923589067e-10
F?qdo,7,8,4,4.0000000041538115,4.153811516971473e-09,True,4,0.0016090110002551228,solved,2.8158040735114105e-09
F?qeo,7,8,4,3.9999999955628835,-4.437116452038481e-09,True,4,0.0020268970110919327,solved,2.9537646771633616e-10
F?qew,7,9,4,4.000000002233201,2.2332011795356266e-09,True,4,0.0015660479839425534,solved,4.171340329270042e-10
F?qf_,7,8,4,3.999999998156811,-1.843189156858216e-09,True,4,0.0020230559748597443,solved,1.5697501697242042e-10
F?qfo,7,9,4,4.000000003288278,3.288278094260022e-09,True,4,0.0015836759994272143,solved,2.603979517358658e-10
F?qfw,7,10,4,3.9999999548919924,-4.510800755141986e-08,True,4,0.0011905840074177831,solved,7.282618952331177e-12
F?qjo,7,9,4,4.000000006080052,6.080052017409798e-09,True,4,0.0015595520089846104,solved,1.3896281896452904e-09
F?qjw,7,10,4,4.000000002071854,2.071853799634482e-09,True,4,0.0015179509937297553,solved,4.6149885324563024e-10
F?qkw,7,9,4,4.000000000852855,8.528546757702316e-10,True,4,0.0023184469901025295,solved,5.7498883186958305e-11
F?qlo,7,9,4,3.999999999043338,-9.566618608403132e-10,True,4,0.001603613985935226,solved,5.229911870983932e-10
F?qmo,7,9,4,3.999999993647928,-6.352072201565306e-09,True,4,0.0020399199856910855,solved,3.188362648154365e-10
F?qmw,7,10,4,3.999999995215355,-4.784645124544795e-09,True,4,0.0015647260006517172,solved,2.5923707624997405e-13
F?qn_,7,9,4,3.9999999946100036,-5.389996449167711e-09,False,4,0.001761435007210821,solved,1.1903811270030928e-12
F?qno,7,10,4,4.000000004657519,4.657518815065487e-09,True,4,0.0015964479825925082,solved,5.03790020846704e-10
F?qnw,7,11,4,4.0000000057222875,5.72228753270565e-09,True,4,0.0012851670035161078,solved,6.367806797266112e-10
F?qpo,7,8,4,4.000000019814341,1.9814341278845404e-08,False,4,0.0015210080018732697,solved,1.1776929208094896e-08
F?qrO,7,8,4,3.9999999989497956,-1.0502043679139206e-09,False,4,0.0020581379940267652,solved,5.990028819714298e-11
F?qr_,7,8,4,4.000000004659511,4.659510999260874e-09,True,4,0.0018156400183215737,solved,2.2188173358876804e-09
F?qrg,7,9,4,4.000000026559476,2.655947639595979e-08,False,4,0.0016325220058206469,solved,3.918233792097248e-09
F?qro,7,9,4,4.000000017857777,1.7857776590801677e-08,False,4,0.0016165490087587386,solved,1.68502424283839e-09
F?qrw,7,10,4,4.000000009079779,9.079778706677644e-09,True,4,0.001604577002581209,solved,1.3758979454067493e-09
F?qtg,7,9,4,3.9999999992122177,-7.877822838509019e-10,True,4,0.0011928119929507375,solved,5.333797864661845e-11
F?qto,7,9,4,4.000000017989612,1.7989611578173026e-08,True,4,0.0009962930053006858,solved,2.8842908864763316e-09
F?qtw,7,10,4,4.000000001603435,1.603434718333574e-09,True,4,0.001105981005821377,solved,2.0084425857017797e-10
F?quW,7,9,4,4.0000000002329585,2.3295854134630645e-10,True,4,0.0012556469882838428,solved,2.305568168930049e-11
F?qvG,7,9,4,4.000000010558211,1.0558211194222622e-08,True,4,0.0010534210014156997,solved,1.2146129349826134e-09
F?qvO,7,9,4,4.000000000338821,3.3882141536878407e-10,True,4,0.001278371986700222,solved,3.5269821860823785e-11
F?qvW,7,10,4,4.000000027837673,2.7837672611497055e-08,True,4,0.0009887880005408078,solved,3.165899930353343e-09
F?qv_,7,9,4,3.999999975979404,-2.402059617878649e-08,True,4,0.0010945550166070461,solved,3.1404878697571803e-12
F?qvg,7,10,4,4.000000005890447,5.890447241085894e-09,True,4,0.0009600769844837487,solved,1.0451222998799866e-09
F?qvo,7,10,4,4.0000000165637575,1.6563757476717456e-08,True,4,0.0009938970033545047,solved,2.6809114308709066e-09
F?qvw,7,11,4,3.9999999946629763,-5.337023711859956e-09,True,4,0.0008371610019821674,solved,2.9343194540842887e-13
F?qzw,7,11,4,4.000000007657542,7.657542155925512e-09,True,4,0.0009346849983558059,solved,1.75416734691556e-09
F?q|w,7,11,4,4.000000004348036,4.348035709256237e-09,True,4,0.0009244029934052378,solved,1.03522290247021e-09
F?q~W,7,11,4,3.999999951429027,-4.857097302135571e-08,True,4,0.0009859840210992843,solved,7.633782495020114e-12
F?q~_,7,10,4,3.999999992258302,-7.741697949370518e-09,False,4,0.0009648519917391241,solved,4.0667469392019484e-13
F?q~g,7,11,4,4.000000018718914,1.8718914418514032e-08,True,4,0.0008536009991075844,solved,3.817736892999537e-09
F?q~o,7,11,4,3.9999999987000847,-1.299915286523401e-09,True,4,0.0009870560024864972,solved,8.013610978902093e-11
F?q~w,7,12,4,3.999999996580078,-3.419922123271135e-09,True,4,0.0007803780026733875,solved,2.1549428907974288e-13
F?rDo,7,8,4,4.00000002019026,2.0190260130448223e-08,True,4,0.0015807650052011013,solved,1.52624488757792e-09
F?rF_,7,8,4,3.9999999591145112,-4.0885488772346434e-08,True,4,0.0019000460160896182,solved,4.4609871352463415e-12
F?rFo,7,9,4,3.9999999983224552,-1.6775447697625623e-09,True,4,0.0017249340016860515,solved,1.6755382881512866e-10
F?rFw,7,10,4,4.000000001182584,1.1825838086565454e-09,True,4,0.000517281994689256,solved,9.976753833961489e-11
F?rLw,7,10,4,3.999999991297784,-8.70221583681996e-09,True,4,0.000936489028390497,solved,5.17585974080248e-13
F?rN_,7,9,4,3.999999998600844,-1.3991559022485944e-09,True,4,0.0014183130115270615,solved,2.6844679716348493e-10
F?rNo,7,10,4,4.00000000665367,6.653669615275248e-09,True,4,0.001224691979587078,solved,6.706001979880445e-10
F?rNw,7,11,4,3.9999999869603364,-1.3039663571134952e-08,True,4,0.0008201159944292158,solved,1.3570256029993288e-12
F?rdo,7,9,4,4.0000000022276625,2.2276624989103766e-09,False,4,0.0009907379862852395,solved,4.252046704875528e-10
F?rdw,7,10,4,3.999999987667338,-1.2332662002734196e-08,True,4,0.000887581001734361,solved,4.380859632129844e-09
F?re_,7,8,4,4.000000001869733,1.869732813020164e-09,True,4,0.0014322799979709089,solved,1.438263686102595e-10
F?reg,7,9,4,4.000000002503276,2.5032758088627816e-09,True,4,0.0010123389947693795,solved,1.0717645333932654e-09
F?reo,7,9,4,3.999999998309636,-1.6903638488940942e-09,True,4,0.0013129359867889434,solved,1.3136522648040792e-10
F?rew,7,10,4,3.9999999978169116,-2.183088376739306e-09,True,4,0.0009881209989544004,solved,1.6090329630345224e-10
F?rf_,7,9,4,3.999999990438507,-9.561492930743043e-09,True,4,0.0009929559892043471,solved,1.2455592113269631e-12
F?rfg,7,10,4,4.0000000112331575,1.123315751527798e-08,True,4,0.0009891270019579679,solved,1.5767618783934452e-09
F?rfo,7,10,4,3.9999999614945403,-3.850545970962571e-08,True,4,0.0008382639789488167,solved,1.3237388313202234e-08
F?rfw,7,11,4,3.999999998499743,-1.5002568076738498e-09,True,4,0.0007356209971476346,solved,1.7709236498057195e-09
F?rmw,7,11,4,4.0000000299050384,2.990503844557679e-08,True,4,0.0009697650093585253,solved,2.9166613404725574e-09
F?rn_,7,10,4,3.999999990173644,-9.826356173192607e-09,True,4,0.0009968550002668053,solved,7.944670607977182e-11
F?rng,7,11,4,3.9999999952159824,-4.784017626491277e-09,True,4,0.0009875840041786432,solved,3.9246383920499284e-13
F?rno,7,11,4,3.99999999333554,-6.664460094896185e-09,True,4,0.0009911739907693118,solved,2.567945855957987e-13
F?rnw,7,12,4,3.9999999975565643,-2.4434356760139053e-09,True,4,0.0008477229857817292,solved,7.258213857425008e-11
F?rv_,7,10,4,3.9999999915898603,-8.410139695769203e-09,True,4,0.0010839850001502782,solved,3.810236786629867e-11
F?rvg,7,11,4,3.9999999856558768,-1.4344123222542748e-08,True,4,0.0013324379979167134,solved,1.2896350654045818e-12
F?rvo,7,11,4,3.999999994864399,-5.135600833483522e-09,True,4,0.0010832959960680455,solved,1.4918492346327388e-10
F?rvw,7,12,4,3.9999999933548205,-6.645179517761335e-09,True,4,0.0008391159935854375,solved,7.857048345272233e-13
F?r~o,7,12,4,4.0000000047385855,4.738585523966776e-09,True,4,0.0007818480080459267,solved,6.731495255681092e-10
F?r~w,7,13,4,3.999999994127151,-5.872848873877956e-09,True,4,0.0008056520018726587,solved,5.166598462964253e-11
F?zPw,7,10,4,3.9999999626863554,-3.731364461856401e-08,True,4,0.0014063330017961562,solved,5.315858864207712e-12
F?zTW,7,10,4,3.9999999953503527,-4.649647333820894e-09,True,4,0.0015917310083750635,solved,2.3947510641164627e-13
F?zTo,7,10,4,4.000000003291676,3.2916762648937947e-09,False,4,0.0015451940125785768,solved,3.380287468401807e-10
F?zTw,7,11,4,3.9999999973954785,-2.604521487370448e-09,True,4,0.0015181879862211645,solved,3.254063685176334e-13
F?zUW,7,10,4,3.9999999871015732,-1.2898426771101867e-08,True,4,0.0015673069865442812,solved,1.5824008769982356e-12
F?zUo,7,10,4,3.999999970918314,-2.908168594828453e-08,True,4,0.001418430998455733,solved,5.207168030096909e-12
F?zVO,7,10,4,3.999999996019659,-3.9803409457306316e-09,True,4,0.001078739995136857,solved,2.5342589225441455e-10
F?zVW,7,11,4,4.000000031759919,3.175991913906273e-08,True,4,0.0010179940145462751,solved,4.2328751453975915e-09
F?zV_,7,10,4,3.9999999672795465,-3.272045345781294e-08,True,4,0.0010439079778734595,solved,5.1669779566054785e-12
F?zVo,7,11,4,3.9999999977397125,-2.2602875127120114e-09,True,4,0.000987080013146624,solved,5.825358914197878e-10
F?zVw,7,12,4,4.000000011565486,1.1565486346398757e-08,True,4,0.0008674100099597126,solved,2.3587420664394875e-09
F?z\w,7,12,4,3.999999996720974,-3.279025939662006e-09,True,4,0.001156003010692075,solved,4.2454928461665986e-13
F?z^o,7,12,4,3.999999998003872,-1.9961281516600593e-09,True,4,0.001008348015602678,solved,7.90608677514682e-11
F?z^w,7,13,4,4.00000000046166,4.616600435269902e-10,True,4,0.0007912180153653026,solved,4.693698157114221e-10
F?zcw,7,10,4,4.000000006327878,6.327877777323465e-09,True,4,0.0011359390045981854,solved,1.3514093356698248e-09
F?zew,7,11,4,3.9999999930017585,-6.998241541822381e-09,True,4,0.0011128009937237948,solved,1.2071454946749327e-12
F?zf_,7,10,4,4.000000022760186,2.2760185736103722e-08,True,4,0.0012397429964039475,solved,6.223081595149534e-09
F?zfo,7,11,4,4.0000000001276375,1.276374561598459e-10,True,4,0.0013318870041985065,solved,6.65962120322912e-10
F?zfw,7,12,4,4.000000000607992,6.079918790646843e-10,True,4,0.0008331490098498762,solved,1.4549566908050413e-10
F?zmw,7,12,4,3.9999999968787834,-3.121216618495737e-09,True,4,0.001208874979056418,solved,6.977961693466788e-11
F?zno,7,12,4,4.0000000042558055,4.255805485797737e-09,True,4,0.0013536969781853259,solved,3.095801287526914e-10
F?znw,7,13,4,4.00000000400154,4.001540432341244e-09,True,4,0.0009128759847953916,solved,9.00496179302009e-10
F?zuo,7,11,4,4.000000007141149,7.141149005462921e-09,False,4,0.0009409819904249161,solved,1.253421829490473e-09
F?zvO,7,11,4,4.00000000354127,3.5412703880410845e-09,True,4,0.0012822099961340427,solved,1.2385568139037848e-09
F?zv_,7,11,4,4.000000008565836,8.565836040475006e-09,True,4,0.0013251669879537076,solved,1.8904651277109663e-09
F?zvg,7,12,4,4.000000019128629,1.912862934716486e-08,True,4,0.0011350729910191149,solved,2.044270484025279e-09
F?zvo,7,12,4,4.000000007348374,7.348374353455256e-09,True,4,0.0013649899919983,solved,8.230999425996328e-10
F?zvw,7,13,4,4.000000007379684,7.379684419106525e-09,True,4,0.0010039680055342615,solved,1.2486352999462143e-09
F?z~w,7,14,4,3.999999998270446,-1.7295538334849425e-09,True,4,0.0006141990015748888,solved,8.341820019208631e-11
F?~vW,7,13,4,3.9999999969388513,-3.0611486678822075e-09,True,4,0.0008535139786545187,solved,9.958700530887654e-14
F?~v_,7,12,4,4.0000000397142506,3.971425055482314e-08,True,4,0.00023125598090700805,solved,3.413488159138571e-08
F?~vo,7,13,4,4.000000001618901,1.6189005691558123e-09,True,4,0.00026919800438918173,solved,2.3239159086614242e-09
F?~vw,7,14,4,4.000000000310397,3.1039704140312097e-10,True,4,0.00021194000146351755,solved,3.081800550581721e-11
F?~~w,7,15,4,4.000000000167898,1.6789769574643287e-10,True,4,0.00019370100926607847,solved,2.5571221047748153e-11
FCOf?,7,6,4,3.999999999522612,-4.7738790698304e-10,True,4,0.002007184986723587,solved,2.338287790430094e-10
FCOf_,7,7,3,3.0000000023757525,2.375752483629867e-09,True,3,0.0012560179748106748,solved,5.483934122788248e-10
FCOfo,7,8,3,2.999999997806891,-2.193108805670363e-09,True,3,0.0017130020132753998,solved,2.6964550646904078e-11
FCOfw,7,9,3,2.9999999992854485,-7.145515290574167e-10,True,3,0.00051395597984083,solved,3.6559644200906405e-13
FCQVO,7,8,3,3.0000000165290137,1.6529013713295626e-08,True,3,0.0011077329982072115,solved,3.8942663806040164e-09
FCQV_,7,8,3,3.00000001165155,1.1651549947089279e-08,True,3,0.0013549049908760935,solved,1.596003801783385e-09
FCQVg,7,9,3,2.9999999984802597,-1.5197403335776016e-09,True,3,0.0015315799973905087,solved,1.1428201662575771e-11
FCQVo,7,9,3,3.0000000008889964,8.88996432024669e-10,True,3,0.001444282999727875,solved,4.574687204768659e-09
FCQVw,7,10,3,2.9999999962859785,-3.7140215347619687e-09,True,3,0.0007938150083646178,solved,1.4666046155298318e-13
FCQb?,7,6,4,3.999999997902969,-2.0970309932977216e-09,True,4,0.0014122319989837706,solved,1.4783487169861984e-10
FCQbO,7,7,3,3.0000000006873098,6.873097646575843e-10,True,3,0.0012647109979297966,solved,9.466187903755426e-11
FCQb_,7,7,3,3.2360679807646777,0.23606798076467772,False,4,0.002111337991664186,solved,3.059788077127962e-10
FCQbo,7,8,3,2.9999999958474954,-4.152504562426884e-09,False,3,0.0017619930149521679,solved,1.9984014443252818e-15
FCQeG,7,7,4,3.999999991885184,-8.114815930326813e-09,True,4,0.0013561710075009614,solved,5.143140077064504e-10
FCQeO,7,7,3,2.9999999928221985,-7.177801464308686e-09,True,3,0.001154408004367724,solved,2.004437797747987e-09
FCQeW,7,8,3,2.9999999919324414,-8.067558621149828e-09,True,3,0.0012592040002346039,solved,1.5565326805244695e-13
FCQe_,7,7,3,3.0000000090262846,9.026284608637525e-09,True,3,0.0013299300044309348,solved,1.633528866731339e-09
FCQeo,7,8,3,3.0000000118610903,1.1861090332132562e-08,True,3,0.0011263129999861121,solved,2.0972098569991734e-09
FCQf?,7,7,4,4.000000003772323,3.7723228984987145e-09,True,4,0.0013119929935783148,solved,3.0043381256044404e-10
FCQfG,7,8,3,3.0000000027300877,2.7300877114555533e-09,True,3,0.0012981820036657155,solved,4.1991710155277847e-10
FCQfO,7,8,3,2.9999999824147046,-1.7585295442046345e-08,True,3,0.001296870002988726,solved,4.393868201013093e-10
FCQfW,7,9,3,3.000000001175632,1.1756320361655526e-09,True,3,0.0014614090032409877,solved,1.9387534932277146e-10
FCQf_,7,8,3,3.000000026136187,2.6136186992431476e-08,True,3,0.0013184959825593978,solved,4.71053602253927e-09
FCQfg,7,9,3,2.9999999913040623,-8.69593774766031e-09,True,3,0.0014398589846678078,solved,2.4436008771999695e-13
FCQfo,7,9,3,3.000000003256243,3.256242830929068e-09,True,3,0.0017275660065934062,solved,1.6549141481203097e-09
FCQfw,7,10,3,2.9999999861593247,-1.3840675272547287e-08,True,3,0.0010354200203437358,solved,1.4318546348590644e-12
FCQrO,7,8,3,2.9999999885265907,-1.1473409333717655e-08,True,3,0.001139344007242471,solved,1.376232461325344e-12
FCQrW,7,9,3,3.000000006163541,6.16354078886161e-09,True,3,0.001430683012586087,solved,6.063585778269723e-10
FCQuW,7,9,3,3.000000001221503,1.2215028988293852e-09,True,3,0.0022579389915335923,solved,1.5025970365249681e-10
FCQug,7,9,3,3.0000000153492024,1.5349202353576175e-08,True,3,0.0018073090177495033,solved,1.810370049473411e-09
FCQuo,7,9,3,2.9999999935372252,-6.46277475979673e-09,True,3,0.0016086660034488887,solved,4.9649173661237e-13
FCQuw,7,10,3,2.999999988628804,-1.1371195984821725e-08,True,3,0.001642661023652181,solved,1.7242873795453306e-12
FCQvO,7,9,3,2.9999999999951408,-4.859224134179385e-12,True,3,0.0022193759796209633,solved,1.0093246582423692e-11
FCQvW,7,10,3,3.0000000024082216,2.4082216221188446e-09,True,3,0.0021416750096250325,solved,3.8435527791325763e-10
FCQv_,7,9,3,2.9999999584062564,-4.159374356049739e-08,True,3,0.0018849009939003736,solved,3.0112811222350408e-09
FCQvg,7,10,3,3.0000000039717905,3.9717904520841785e-09,True,3,0.0014337330067064613,solved,4.586198462097986e-10
FCQvo,7,10,3,3.000000007379163,7.379163058374161e-09,True,3,0.0010159529920201749,solved,7.913700014064321e-10
FCQvw,7,11,3,3.0000000059176246,5.9176246125502985e-09,True,3,0.0006734850176144391,solved,1.6426907355402345e-09
FCRTo,7,9,3,2.999999996902931,-3.09706882362093e-09,False,3,0.0020127189927734435,solved,2.0770390970829782e-11
FCRTw,7,10,3,3.000000006132203,6.1322031896793305e-09,True,3,0.0015409549814648926,solved,3.031083370946155e-09
FCRV?,7,8,3,2.9999999795686008,-2.0431399239129178e-08,True,3,0.0011889869929291308,solved,7.002022947566737e-09
FCRVO,7,9,3,3.000000010446692,1.0446691955934284e-08,True,3,0.0015449640050064772,solved,3.824801694419804e-09
FCRVW,7,10,3,3.0000000208688387,2.0868838657150945e-08,True,3,0.002590083982795477,solved,5.942670187408392e-09
FCRV_,7,9,3,2.9999999982771173,-1.7228827253745749e-09,True,3,0.0014516880037263036,solved,7.993605777301127e-15
FCRVg,7,10,3,2.9999999984789514,-1.52104862038982e-09,True,3,0.0014811840082984418,solved,7.538414337204813e-14
FCRVo,7,10,3,3.0000000030466314,3.046631391612209e-09,True,3,0.0017034390184562653,solved,1.8957608697489792e-09
FCRVw,7,11,3,2.9999999954924683,-4.507531681241517e-09,True,3,0.0010919530177488923,solved,7.505107646466058e-14
FCR^o,7,11,3,2.9999999977331058,-2.266894227886951e-09,True,3,0.001133297017076984,solved,3.0225306059808255e-10
FCR^w,7,12,3,3.000000005881117,5.8811169267869445e-09,True,3,0.0007727399934083223,solved,1.3569673589323139e-09
FCR`o,7,8,3,3.1965575934315034,0.19655759343150336,False,4,0.0013248620089143515,solved,2.2259743946173516e-11
FCR`w,7,9,3,3.0000000175967334,1.7596733403735243e-08,True,3,0.0013083819940220565,solved,2.5408332345701372e-09
FCRbg,7,9,3,3.0000000006199965,6.199964985853512e-10,True,3,0.0014860090159345418,solved,1.1467251783168155e-10
FCRcw,7,9,3,2.9999999988631196,-1.1368803676248262e-09,True,3,0.001494642987381667,solved,2.2125844760626575e-11
FCRdg,7,9,3,2.9999999689526793,-3.1047320714350235e-08,True,3,0.001177086989628151,solved,2.7848834349697427e-12
FCRdo,7,9,3,2.999999994184053,-5.815946835241448e-09,False,3,0.0023880410008132458,solved,4.285460875053104e-14
FCRdw,7,10,3,3.0000000073885515,7.388551548359601e-09,True,3,0.0025582770176697522,solved,1.5926929019723827e-09
FCReg,7,9,3,3.0000000068228396,6.822839626607902e-09,True,3,0.0016699669940862805,solved,2.020436878702879e-09
FCReo,7,9,3,3.000000003082828,3.082828214928668e-09,True,3,0.0011256500147283077,solved,5.227492912167107e-10
FCRew,7,10,3,3.0000000033221883,3.322188302234963e-09,True,3,0.0015580560138914734,solved,2.707842178896191e-10
FCRfG,7,9,3,2.9999999825461017,-1.7453898326635908e-08,True,3,0.001204955013236031,solved,1.3323839642904714e-09
FCRf_,7,9,3,3.000000001130062,1.1300618218967884e-09,True,3,0.0015021119907032698,solved,3.942883459514403e-10
FCRfg,7,10,3,2.9999999935274166,-6.472583358174688e-09,True,3,0.0015609230031259358,solved,3.055333763768431e-13
FCRfo,7,10,3,3.000000022523633,2.25236331807821e-08,True,3,0.0015543519984930754,solved,1.1544861255293752e-08
FCRfw,7,11,3,3.000000000918577,9.185772142927817e-10,True,3,0.001190161012345925,solved,8.062598911764255e-11
FCRto,7,10,3,3.0000000198832977,1.9883297674994083e-08,False,3,0.07244120098766871,solved,1.2978568322351082e-08
FCRtw,7,11,3,2.9999999967465896,-3.2534104299486444e-09,True,3,0.002093468006933108,solved,2.9309887850104133e-13
FCRuo,7,10,3,3.0000000083893457,8.389345662607184e-09,True,3,0.0016759200079832226,solved,1.738175945395785e-09
FCRuw,7,11,3,2.9999999867727345,-1.3227265505122432e-08,True,3,0.0022875069989822805,solved,1.8973711490843925e-12
FCRvO,7,10,3,2.9999999979769454,-2.023054612720898e-09,True,3,0.0018174329889006913,solved,1.297814080887122e-10
FCRvW,7,11,3,2.999999996273842,-3.726158048777961e-09,True,3,0.0024574650160502642,solved,1.6542323066914832e-13
FCRv_,7,10,3,3.000000013455868,1.3455867975409319e-08,True,3,0.001856539980508387,solved,7.928105995907975e-09
FCRvg,7,11,3,2.999999999053641,-9.463589911717918e-10,True,3,0.0025330460048280656,solved,2.4299761840247498e-11
FCRvo,7,11,3,3.000000001291567,1.2915668534674296e-09,True,3,0.002293952973559499,solved,1.4895716082469644e-10
FCRvw,7,12,3,2.9999999976974725,-2.30252750199611e-09,True,3,0.0021810939942952245,solved,9.210219488192247e-13
FCR~o,7,12,3,2.999999997704156,-2.2958439593878666e-09,True,3,0.0007496539910789579,solved,1.2324149036897234e-10
FCR~w,7,13,3,2.9999999932986703,-6.701329713365567e-09,True,3,0.0004867870011366904,solved,2.788880237858393e-13
FCXe_,7,8,3,2.9999999906424266,-9.357573382828832e-09,True,3,0.002097460994264111,solved,4.6629367034256575e-15
FCXeo,7,9,3,3.0000000037153915,3.715391549974356e-09,True,3,0.0017954690265469253,solved,6.999440538323995e-09
FCXf?,7,8,4,3.999999997026977,-2.9730231609903512e-09,True,4,0.0017763079958967865,solved,2.533309014503374e-10
FCXfO,7,9,3,3.0000000018135724,1.8135724033641054e-09,True,3,0.0014691829856019467,solved,2.2686160496449022e-10
FCXfW,7,10,3,3.0000000172657995,1.7265799456822606e-08,True,3,0.001475900993682444,solved,6.8511703471221155e-09
FCXf_,7,9,3,2.9999999962450326,-3.754967448088564e-09,True,3,0.0014650420052930713,solved,7.26946633595769e-11
FCXfo,7,10,3,2.999999987715717,-1.228428292421313e-08,True,3,0.0024232399882748723,solved,4.366986919084301e-09
FCXfw,7,11,3,2.999999997080197,-2.91980306599271e-09,True,3,0.000573521014302969,solved,1.7674576295097896e-11
FCXkw,7,10,3,2.999999993830678,-6.169321942195438e-09,True,3,0.0014796119940001518,solved,4.318767565791859e-13
FCXmW,7,10,3,2.999999996668317,-3.3316829295415573e-09,True,3,0.0011859849910251796,solved,1.8644938106092732e-10
FCXmo,7,10,3,2.999999992131071,-7.868929063903352e-09,True,3,0.0011010290181729943,solved,6.982192601867609e-13
FCXmw,7,11,3,2.9999999974883003,-2.5116997370844274e-09,True,3,0.0010832840052898973,solved,2.6465572254579165e-10
FCXnO,7,10,3,2.999999999002258,-9.977418891082834e-10,True,3,0.0012495960108935833,solved,2.4823024717372372e-11
FCXnW,7,11,3,2.999999999041224,-9.587761695684094e-10,True,3,0.0013637660013046116,solved,1.7773576241822693e-10
FCXn_,7,10,3,2.999999986623648,-1.3376352026028826e-08,True,3,0.001117890002205968,solved,1.8388623956866468e-12
FCXno,7,11,3,2.9999999822499217,-1.775007829607489e-08,True,3,0.0010302649752702564,solved,2.7540192348851633e-12
FCXnw,7,12,3,2.9999999865418943,-1.3458105740937754e-08,True,3,0.0008118929981719702,solved,2.1621593404574924e-12
FCY[w,7,10,3,3.00000000256844,2.56844012724855e-09,True,3,0.0022016240109223872,solved,2.6650632292312935e-10
FCY]g,7,10,3,2.999999996974147,-3.0258529015725344e-09,True,3,0.0012774499773513526,solved,1.6177903708124053e-10
FCY]o,7,10,3,2.9999999996996527,-3.0034730258421405e-10,True,3,0.0017544359725434333,solved,1.468118751319507e-10
FCY]w,7,11,3,2.9999999981828362,-1.8171637528041629e-09,True,3,0.0012570730177685618,solved,5.453998230377614e-11
FCY^G,7,10,3,3.000000004887004,4.887004134701556e-09,True,3,0.0018572090193629265,solved,4.64911993703708e-10
FCY^O,7,10,3,3.0000000005707936,5.707936345800135e-10,True,3,0.0013917039905209094,solved,1.434262335186702e-10
FCY^W,7,11,3,3.0000000054274714,5.4274713612301184e-09,True,3,0.0016424319765064865,solved,6.981028807062588e-10
FCY^_,7,10,3,2.9999999981752565,-1.8247434674378837e-09,False,3,0.0016890080005396158,solved,1.6294903189758672e-10
FCY^g,7,11,3,2.999999999351971,-6.480291858679266e-10,True,3,0.0012837129761464894,solved,6.875578288829322e-11
FCY^o,7,11,3,3.0000000089315524,8.931552386570729e-09,True,3,0.001648042001761496,solved,1.1836810772889962e-09
FCY^w,7,12,3,2.999999996442998,-3.557001804210813e-09,True,3,0.0012190919951535761,solved,2.4653147319667613e-11
FCZHw,7,10,3,2.9999999946163003,-5.383699708261247e-09,True,3,0.0015190420090220869,solved,1.388424837945737e-10
FCZIw,7,10,3,3.0000000222462684,2.2246268382986045e-08,True,3,0.0014459369995165616,solved,3.097367105428405e-09
FCZJg,7,10,3,2.999999997803667,-2.1963328933338744e-09,True,3,0.0014247770013753325,solved,3.860569578752381e-12
FCZJo,7,10,3,2.9999999990350252,-9.649747667594966e-10,False,3,0.0018842199933715165,solved,2.7609615693846697e-11
FCZJw,7,11,3,2.9999999944934235,-5.5065765280915e-09,True,3,0.0015392939967568964,solved,1.1770865357391478e-10
FCZKw,7,10,3,3.00000000066373,6.637299598821755e-10,True,3,0.0012672359880525619,solved,1.7135410950965342e-10
FCZLW,7,10,3,3.000000009019561,9.019561098000395e-09,True,3,0.0014770429988857359,solved,5.015710582767782e-09
FCZLg,7,10,3,3.00000000576258,5.762580190804556e-09,True,3,0.0015223420050460845,solved,5.822259554102682e-10
FCZLo,7,10,3,3.0000000016931967,1.6931966939637277e-09,True,3,0.00130113898194395,solved,1.8063479249256835e-10
FCZLw,7,11,3,2.9999999979589154,-2.0410846346408107e-09,True,3,0.001569500018376857,solved,1.4507157700405819e-11
FCZMW,7,10,3,2.999999979782422,-2.021757783410294e-08,True,3,0.0013104430108796805,solved,6.681322162194192e-13
FCZMg,7,10,3,3.0000000025222664,2.5222663957435998e-09,True,3,0.0013267169997561723,solved,2.8078479178783036e-10
FCZMo,7,10,3,2.999999966932986,-3.306701401584178e-08,True,3,0.0016971720033325255,solved,2.811861854468134e-12
FCZMw,7,11,3,3.000000000868125,8.681251273401358e-10,True,3,0.0014513680071104318,solved,2.1469708326808856e-10
FCZNG,7,10,3,2.999999998106519,-1.893480927606106e-09,True,3,0.0020049739978276193,solved,2.0095036745715333e-14
FCZNW,7,11,3,2.9999999921936613,-7.806338686577874e-09,True,3,0.001561311015393585,solved,1.5977139868451734e-10
FCZN_,7,10,3,3.000000001369367,1.369366842141062e-09,False,3,0.0016950500139500946,solved,4.681038647409566e-10
FCZNg,7,11,3,3.000000000396021,3.9602099377589184e-10,True,3,0.0013772200036328286,solved,5.050945614825718e-11
FCZNo,7,11,3,3.000000001285146,1.2851462116714174e-09,True,3,0.001534070004709065,solved,5.72865401141174e-10
FCZNw,7,12,3,3.00000000050101,5.010099002333845e-10,True,3,0.001062229013768956,solved,1.637970798119388e-10
FCZSo,7,9,3,2.999999996592906,-3.4070941623554063e-09,False,3,0.0018667239928618073,solved,1.2212453270876722e-15
FCZTO,7,9,3,3.0000000065987003,6.598700252880008e-09,False,3,0.0013051540008746088,solved,7.387151576065429e-10
FCZTg,7,10,3,3.000000001897384,1.897384027671478e-09,False,3,0.0011570110218599439,solved,2.2246035995138362e-10
FCZTo,7,10,3,3.0000000030651996,3.0651996496544598e-09,False,3,0.0010985400003846735,solved,7.626863619625859e-10
FCZTw,7,11,3,3.0000000093783696,9.3783696364369e-09,True,3,0.0010026569943875074,solved,1.3134942134544412e-09
FCZUO,7,9,3,3.000000005735036,5.735036001652816e-09,True,3,0.0012605880037881434,solved,1.1146690486905962e-09
FCZUg,7,10,3,3.0000000123111334,1.2311133446019085e-08,True,3,0.0010802159958984703,solved,1.925020157037454e-09
FCZUo,7,10,3,2.9999999720060533,-2.7993946716264873e-08,True,3,0.0012851679930463433,solved,9.89329345678971e-10
FCZUw,7,11,3,3.0000000036716656,3.6716656381940993e-09,True,3,0.001341151975793764,solved,4.846597328225546e-10
FCZV?,7,9,3,2.999999990759666,-9.240333831428416e-09,True,3,0.0015746699937153608,solved,1.7763568394002505e-13
FCZVO,7,10,3,3.0000000063191794,6.319179401970132e-09,True,3,0.0013994630135130137,solved,7.451393895347575e-10
FCZVW,7,11,3,3.0000000053710996,5.371099565110171e-09,True,3,0.0014405550027731806,solved,8.240467905307982e-10
FCZV_,7,10,3,3.0000000154888933,1.548889327906977e-08,True,3,0.0012312980252318084,solved,2.1389782128050965e-09
FCZVg,7,11,3,3.000000003374052,3.3740521487857222e-09,True,3,0.0011416880006436259,solved,4.1998506461779453e-10
FCZVo,7,11,3,2.9999999755993683,-2.440063173736462e-08,True,3,0.0009794489888008684,solved,4.444000722969577e-12
FCZVw,7,12,3,3.0000000128696866,1.2869686649708001e-08,True,3,0.0007027410028968006,solved,1.7000344605075537e-09
FCZ\w,7,12,3,2.99999999085899,-9.14101017102098e-09,True,3,0.0010408389789517969,solved,8.651968030903845e-13
FCZ]w,7,12,3,3.000000003058164,3.0581639443028052e-09,True,3,0.0008659540035296232,solved,4.581506494102825e-10
FCZ^_,7,11,3,2.999999970414647,-2.9585352834260448e-08,False,3,0.0009584280196577311,solved,4.300226841280619e-12
FCZ^g,7,12,3,2.9999999995923363,-4.0766368059053093e-10,True,3,0.0009669440041761845,solved,7.412254878878917e-11
FCZ^o,7,12,3,3.000000000869746,8.697460529560885e-10,True,3,0.0010031379933934659,solved,1.6373545472427094e-10
FCZ^w,7,13,3,3.0000000242079907,2.420799072311297e-08,True,3,0.0007471779827028513,solved,5.141915643341246e-09
FCZbO,7,9,3,2.999999996991976,-3.008024052064684e-09,True,3,0.0013626680010929704,solved,1.1102230246251565e-14
FCZb_,7,9,3,3.2360679735692717,0.23606797356927167,False,4,0.0015026089968159795,solved,6.203861612477992e-10
FCZbg,7,10,3,2.999999998111226,-1.888774026070905e-09,True,3,0.0013343640021048486,solved,1.0436096431476471e-13
FCZbo,7,10,3,2.9999999966104887,-3.3895113382698128e-09,False,3,0.0019169359875377268,solved,1.4432899320127035e-15
FCZbw,7,11,3,2.999999994595405,-5.404594993763112e-09,True,3,0.001579847012180835,solved,2.4910340065634055e-11
FCZco,7,9,3,3.00000001176851,1.17685101663767e-08,False,3,0.0016288819897454232,solved,1.3028237029783e-09
FCZeO,7,9,3,3.000000002271512,2.2715118674909718e-09,False,3,0.0017323530046269298,solved,3.204234583238812e-10
FCZeg,7,10,3,3.0000000038085184,3.808518389547544e-09,True,3,0.0013659069954883307,solved,4.2562142560213017e-10
FCZeo,7,10,3,3.000000001417417,1.417416850557629e-09,False,3,0.0014528580068144947,solved,2.2798640307241892e-10
FCZew,7,11,3,2.9999999992674593,-7.32540694770023e-10,True,3,0.0015444759919773787,solved,1.4354250968672102e-11
FCZf?,7,9,4,3.9999999847721073,-1.5227892724567482e-08,True,4,0.0012674299941863865,solved,3.823764587961687e-11
FCZfG,7,10,3,2.9999999967146347,-3.2853653131326155e-09,True,3,0.0017488869780208915,solved,1.9637328032311567e-10
FCZfO,7,10,3,3.0000000190651632,1.906516322591756e-08,True,3,0.0013302699953783303,solved,3.5353437608449734e-09
FCZfW,7,11,3,2.999999997883161,-2.1168391484138738e-09,True,3,0.0014035280037205666,solved,7.566079744282732e-11
FCZf_,7,10,3,3.000000002721768,2.7217681441982222e-09,True,3,0.0018401739944238216,solved,2.6108025321296944e-10
FCZfg,7,11,3,2.999999989073961,-1.0926039184511183e-08,True,3,0.0015613249852322042,solved,7.633893517322576e-13
FCZfo,7,11,3,2.9999999955971255,-4.402874509423782e-09,True,3,0.001500262995250523,solved,3.1796787425264483e-13
FCZfw,7,12,3,3.0000000028159697,2.815969679659247e-09,True,3,0.0010846249933820218,solved,3.364412507888189e-10
FCZjw,7,12,3,2.9999999916378264,-8.362173620213298e-09,True,3,0.001542134996270761,solved,1.482591827084434e-12
FCZmw,7,12,3,2.9999999989878,-1.012200101513372e-09,True,3,0.0015663620142731816,solved,1.6196482045595986e-10
FCZnW,7,12,3,3.000000005478414,5.478414166759649e-09,True,3,0.0015323830011766404,solved,6.535910809899135e-10
FCZn_,7,11,3,2.999999998605928,-1.394071968974231e-09,True,3,0.0015093990077730268,solved,1.5793085343843355e-10
FCZng,7,12,3,2.9999999976075107,-2.3924893177706963e-09,True,3,0.0014817109913565218,solved,2.2012367527602492e-10
FCZno,7,12,3,2.999999996987414,-3.0125861805174736e-09,True,3,0.0013826040085405111,solved,2.0494677606108623e-10
FCZnw,7,13,3,2.9999999927535166,-7.246483413325677e-09,True,3,0.0011701860057655722,solved,1.0783596238184145e-12
FCZv_,7,11,3,3.000000005201709,5.201708841440222e-09,True,3,0.0023159609991125762,solved,2.2635211209345152e-09
FCZvg,7,12,3,2.999999994998042,-5.001957958938874e-09,True,3,0.0009928910003509372,solved,9.754419494356625e-13
FCZvo,7,12,3,2.99999998843469,-1.1565310042982446e-08,True,3,0.0010336800187360495,solved,1.2740919430598296e-12
FCZvw,7,13,3,2.9999999952472742,-4.752725768497612e-09,True,3,0.0007289779896382242,solved,7.925882172798993e-13
FCZ~o,7,13,3,2.9999999911249455,-8.875054469115184e-09,True,3,0.0007818219892214984,solved,7.816964971410692e-11
FCZ~w,7,14,3,3.000000003730545,3.73054520608207e-09,True,3,0.0006870159995742142,solved,1.0936503001947271e-09
FCdcg,7,8,4,3.999999995704377,-4.295622968442103e-09,True,4,0.0011927580053452402,solved,2.785759310809427e-10
FCdcw,7,9,3,3.0000000007035745,7.035745319683429e-10,True,3,0.0016370019875466824,solved,7.222792552750065e-11
FCdeG,7,8,3,2.9999999927988763,-7.201123697342382e-09,True,3,0.0011307040113024414,solved,2.6080605062597227e-10
FCde_,7,8,3,2.999999996526786,-3.4732141607207723e-09,True,3,0.0014810739958193153,solved,3.1439974130888485e-10
FCdeg,7,9,3,2.999999992839629,-7.160370962822071e-09,True,3,0.00134578300639987,solved,7.133459211802399e-11
FCdeo,7,9,3,2.9999999867910834,-1.3208916627149847e-08,True,3,0.0013117750058881938,solved,1.1753931161706532e-12
FCdew,7,10,3,2.9999999868829894,-1.3117010588814537e-08,True,3,0.001287124992813915,solved,4.806155473602303e-13
FCdfG,7,9,3,3.000000001873791,1.873790900219774e-09,True,3,0.001260563003597781,solved,2.2522091347741952e-10
FCdf_,7,9,3,3.0000000075959705,7.59597051924743e-09,True,3,0.001866923994384706,solved,1.0209443104070202e-09
FCdfg,7,10,3,2.9999999958124555,-4.187544533351684e-09,True,3,0.0013802199973724782,solved,6.557298992538763e-12
FCdfo,7,10,3,3.0000000040373336,4.037333578565949e-09,True,3,0.001425380993168801,solved,1.0146975118128425e-09
FCdfw,7,11,3,2.999999993017069,-6.98293112222359e-09,True,3,0.0012146009830757976,solved,3.9535041906901824e-13
FCe^o,7,11,3,2.9999999829842956,-1.7015704401046605e-08,True,3,0.0016699850093573332,solved,1.4211387622346605e-10
FCe^w,7,12,3,3.0000000000682463,6.824629750212807e-11,True,3,0.0014450959861278534,solved,6.319886641742419e-12
FCf\w,7,12,3,2.9999999984105026,-1.5894974225716396e-09,True,3,0.0013037989847362041,solved,3.5949529637417636e-10
FCf^o,7,12,3,2.9999999991172066,-8.827933939414834e-10,True,3,0.001157463004346937,solved,1.8923109321276241e-10
FCf^w,7,13,3,3.000000003756162,3.756162048063061e-09,True,3,0.0008033959893509746,solved,6.661653991508378e-10
FCfuw,7,12,3,3.0000000173757813,1.7375781258266443e-08,True,3,0.0015687340055592358,solved,2.043181549477159e-09
FCfvW,7,12,3,3.0000000000552682,5.526823443346984e-11,True,3,0.0016613629995845258,solved,7.224641760826597e-11
FCfvg,7,12,3,3.0000000035156815,3.515681523680314e-09,True,3,0.0016968600102700293,solved,1.1395620820312585e-09
FCfvo,7,12,3,3.000000030190225,3.0190224986625935e-08,True,3,0.001570954016642645,solved,3.3665626308709843e-09
FCfvw,7,13,3,2.999999998485693,-1.5143069020950861e-09,True,3,0.0014319820038508624,solved,1.9040324872321435e-13
FCf~o,7,13,3,2.9999999899648877,-1.0035112296691295e-08,True,3,0.0008721000049263239,solved,3.946666296019828e-11
FCf~w,7,14,3,2.999999998988203,-1.011796868510828e-09,True,3,0.0005256300210021436,solved,1.635179944572962e-09
FCpV?,7,8,3,3.236068011759982,0.23606801175998182,False,4,0.0014008930011186749,solved,5.126484689516052e-09
FCpVO,7,9,3,3.23606798525394,0.23606798525394002,False,4,0.0014999790000729263,solved,1.1568311933379035e-09
FCpV_,7,9,3,3.236067981199872,0.23606798119987182,False,4,0.0014179940044414252,solved,1.7962598666332386e-09
FCpVo,7,10,3,3.2360679597397812,0.23606795973978123,False,4,0.0014547000173479319,solved,1.679466646852502e-09
FCpVw,7,11,3,3.2360679622065525,0.23606796220655246,False,4,0.000665475003188476,solved,5.095586931490252e-10
FCp`_,7,7,3,3.3176672107524903,0.31766721075249027,False,4,0.001110985002014786,solved,2.9134667756839927e-10
FCpbO,7,8,3,3.0000000003883125,3.8831249327131445e-10,True,3,0.0016721950087230653,solved,6.027450321044976e-11
FCpb_,7,8,3,3.2360679859038632,0.23606798590386324,False,4,0.0021401040139608085,solved,6.403621542143045e-10
FCpbo,7,9,3,2.9999999953829124,-4.6170876011331075e-09,True,3,0.0016451470146421343,solved,8.49769220307472e-11
FCpdG,7,8,3,2.999999995502803,-4.497196837149886e-09,False,3,0.001438863982912153,solved,8.948397578478762e-14
FCpdO,7,8,3,3.2360679785839235,0.23606797858392348,False,4,0.0022502880019601434,solved,6.213492672524036e-10
FCpd_,7,8,3,2.999999987753122,-1.2246878178245879e-08,True,3,0.0013602369872387499,solved,2.8844704402786192e-12
FCpdg,7,9,3,2.999999997840838,-2.1591621823802143e-09,False,3,0.0014081469853408635,solved,1.4034478125400082e-10
FCpdo,7,9,3,3.0000000062571863,6.257186324631903e-09,False,3,0.002321445004781708,solved,6.552121866422231e-10
FCpeG,7,8,4,3.9999999918433606,-8.156639363932072e-09,True,4,0.0012839720002375543,solved,5.507487278576112e-10
FCpeO,7,8,3,2.9999999902861703,-9.71382974057633e-09,True,3,0.0014377920015249401,solved,2.3092638912203256e-14
FCpeW,7,9,3,3.000000025999627,2.5999626895867323e-08,True,3,0.0015720789961051196,solved,4.188307777965504e-09
FCpe_,7,8,3,3.00000000744401,7.444009852974887e-09,True,3,0.0013322590093594044,solved,8.049205948575894e-10
FCpeg,7,9,3,3.0000000061685284,6.168528354777436e-09,True,3,0.0016251449997071177,solved,6.88895477546515e-10
FCpeo,7,9,3,3.0000000007241296,7.241296451354629e-10,True,3,0.0012857019901275635,solved,8.827128305807442e-11
FCpf?,7,8,4,3.9999999936749804,-6.32501961916887e-09,True,4,0.0013974080211482942,solved,5.388779218589391e-10
FCpfG,7,9,3,2.9999999989717705,-1.02822950154291e-09,True,3,0.0013289109920151532,solved,1.4172759773209125e-10
FCpfO,7,9,3,2.999999996181468,-3.818532157140453e-09,True,3,0.0014276590081863105,solved,2.3329685586695597e-10
FCpfW,7,10,3,2.999999999418218,-5.817821779885435e-10,True,3,0.0015852889919187874,solved,8.640411521375947e-10
FCpf_,7,9,3,3.0000000180549273,1.8054927330979353e-08,True,3,0.001480942009948194,solved,1.5975857368007101e-09
FCpfg,7,10,3,3.0000000069676807,6.967680654668129e-09,True,3,0.0017563799920026213,solved,3.584830068437674e-09
FCpfo,7,10,3,2.999999994977005,-5.022994908898681e-09,True,3,0.002010355005040765,solved,4.5852210917018965e-14
FCpfw,7,11,3,2.9999999968739215,-3.1260785071651753e-09,True,3,0.0013252549979370087,solved,9.681144774731365e-14
FCprg,7,10,3,3.000000011910727,1.1910727071295923e-08,False,3,0.0019665279833134264,solved,1.069894207172898e-09
FCptO,7,9,3,3.064177763979981,0.06417776397998098,False,4,0.0029416670149657875,solved,1.2208207727470706e-09
FCpug,7,10,3,2.9999999991644577,-8.355423020134367e-10,False,3,0.0018656609754543751,solved,4.440892098500626e-15
FCpuo,7,10,3,3.000000000614495,6.144951214537286e-10,False,3,0.0014632009842898697,solved,4.5426162968849755e-10
FCpuw,7,11,3,3.000000000342471,3.424709404953319e-10,False,3,0.002034590987022966,solved,8.132130946516322e-10
FCpv?,7,9,3,3.196557592453652,0.19655759245365179,False,4,0.0016488299879711121,solved,2.7206710681540194e-09
FCpvO,7,10,3,3.0000000066335226,6.6335226200919806e-09,False,3,0.0027878480032086372,solved,7.089128380603563e-10
FCpvW,7,11,3,3.0000000038022234,3.802223424997919e-09,False,3,0.002292693010531366,solved,1.760217744278122e-09
FCpv_,7,10,3,2.999999998153009,-1.8469910045837423e-09,False,3,0.0026004600222222507,solved,1.425526363618701e-13
FCpvg,7,11,3,2.999999993181055,-6.818944964237517e-09,False,3,0.0018844959849957377,solved,3.680284707723763e-11
FCpvo,7,11,3,2.9999999976381497,-2.361850270915511e-09,False,3,0.002639735001139343,solved,4.211597310920259e-11
FCpvw,7,12,3,2.999999998036641,-1.963358808865223e-09,False,3,0.0015824470028746873,solved,4.8605008233636545e-11
FCqnW,7,11,3,2.9999999964669835,-3.5330165459868113e-09,True,3,0.0015928400098346174,solved,6.593614543248805e-13
FCqn_,7,10,3,3.000000008852401,8.852401034431523e-09,False,3,0.0020309789979364723,solved,7.352383571993603e-10
FCqno,7,11,3,3.0000000103184563,1.031845631160877e-08,True,3,0.003294810012448579,solved,9.476362725311865e-09
FCqnw,7,12,3,2.999999981798856,-1.8201144147411696e-08,True,3,0.002114583010552451,solved,2.0160539904168218e-12
FCrHw,7,10,3,3.0000000129693074,1.2969307405796826e-08,True,3,0.001407410018146038,solved,8.554520137552118e-09
FCrJo,7,10,3,3.0000000243656557,2.436565571528604e-08,False,3,0.001624942000489682,solved,2.503526687996993e-09
FCrJw,7,11,3,2.999999981980251,-1.801974880422108e-08,True,3,0.0015401729906443506,solved,3.6112159631540778e-09
FCrLW,7,10,3,3.0000000061584866,6.1584866095643065e-09,True,3,0.0016203600098378956,solved,1.4635767235413086e-09
FCrLw,7,11,3,2.9999999684823755,-3.151762451025775e-08,True,3,0.0014332089922390878,solved,8.03844645463358e-09
FCrNW,7,11,3,3.000000003110201,3.110200985645406e-09,True,3,0.001295984984608367,solved,2.4502686551206815e-09
FCrNo,7,11,3,2.9999999884803312,-1.1519668774440106e-08,True,3,0.0018964390037581325,solved,3.073595644585639e-09
FCrNw,7,12,3,2.9999999958355286,-4.164471434364714e-09,True,3,0.0012619289918802679,solved,3.597122599785507e-14
FCrRo,7,10,3,3.000000003296721,3.2967211183176914e-09,True,3,0.0013205359864514321,solved,4.5589171936083876e-10
FCrVG,7,10,3,2.9999999989594697,-1.0405303285665468e-09,True,3,0.0017844060203060508,solved,2.3119062434120229e-10
FCrVW,7,11,3,3.000000001728474,1.7284738085265872e-09,True,3,0.0014044439885765314,solved,1.0343690751861648e-09
FCrVg,7,11,3,2.9999999948129643,-5.1870356898575665e-09,True,3,0.0018331210012547672,solved,1.3489209749195652e-13
FCrVo,7,11,3,3.0000000159556333,1.5955633259068236e-08,True,3,0.00210565299494192,solved,6.131798409251517e-09
FCrVw,7,12,3,2.9999999940679176,-5.932082380866177e-09,True,3,0.0013263239816296846,solved,8.65307825392847e-13
FCr^o,7,12,3,2.9999999851913337,-1.4808666293220085e-08,True,3,0.0013600990059785545,solved,3.0767610681436963e-12
FCr^w,7,13,3,3.0000000096858406,9.68584057403632e-09,True,3,0.001125932001741603,solved,1.0658110505371884e-09
FCrbo,7,10,3,3.0000000008572316,8.572316190225138e-10,False,3,0.0019194970082025975,solved,6.29796036991844e-11
FCrdo,7,10,3,3.000000000792343,7.92343080036062e-10,False,3,0.0020801780046895146,solved,2.0488244067409407e-10
FCreW,7,10,3,2.999999994011138,-5.988861850880767e-09,True,3,0.0018866850004997104,solved,1.309517065588749e-10
FCreo,7,10,3,3.0000000026500193,2.6500193150980067e-09,True,3,0.0016211899928748608,solved,1.4667153318859856e-09
FCrfO,7,10,3,3.0000000008671854,8.671854345720931e-10,True,3,0.0018716440245043486,solved,2.5686353987752116e-10
FCrfW,7,11,3,2.999999995392182,-4.607818127055907e-09,True,3,0.0016194469935726374,solved,2.0884573552858502e-11
FCrf_,7,10,3,2.999999995646235,-4.353764904152513e-09,True,3,0.002037433994701132,solved,3.3306690738754696e-15
FCrfg,7,11,3,3.0000000105306315,1.0530631477934094e-08,True,3,0.0017597599944565445,solved,3.9622324096205214e-09
FCrfo,7,11,3,3.0000000065838326,6.583832590223437e-09,True,3,0.001852023007813841,solved,8.372357555892094e-10
FCrfw,7,12,3,3.0000000063288086,6.328808588307311e-09,True,3,0.0012939810112584382,solved,6.208921125872731e-10
FCrjw,7,12,3,3.0000000052765556,5.276555636868352e-09,True,3,0.0017725859943311661,solved,7.273227617564844e-10
FCrlw,7,12,3,3.00000000258145,2.5814501647403176e-09,True,3,0.0016201719990931451,solved,2.5245918026564713e-10
FCrmw,7,12,3,2.999999999315051,-6.849489864180214e-10,True,3,0.001547144987853244,solved,2.0918478776320928e-10
FCrnW,7,12,3,3.0000000063528534,6.352853354485433e-09,True,3,0.0015450190112460405,solved,8.399453059353613e-10
FCrng,7,12,3,3.000000000345426,3.454259100976742e-10,True,3,0.0015372300113085657,solved,1.4560418924393187e-10
FCrno,7,12,3,3.0000000005654557,5.654556822776158e-10,True,3,0.001660075009567663,solved,1.587820555953734e-10
FCrnw,7,13,3,2.9999999963115846,-3.688415350922014e-09,True,3,0.0013090860156808048,solved,1.0884582265081019e-10
FCrro,7,11,3,2.9999999970276803,-2.9723197236819487e-09,False,3,0.0013893020222894847,solved,1.4633857244908053e-09
FCrrw,7,12,3,3.0000000221782552,2.217825523231909e-08,True,3,0.0014212380046956241,solved,6.954096379148972e-09
FCruw,7,12,3,3.0000000170858288,1.708582875181719e-08,True,3,0.001581490010721609,solved,2.0899588316024966e-09
FCrvg,7,12,3,3.0000000043786192,4.378619244960191e-09,True,3,0.001609094993909821,solved,1.3272430574980039e-09
FCrvo,7,12,3,3.000000016870764,1.687076389700337e-08,True,3,0.0015624709776602685,solved,4.850417963901879e-09
FCrvw,7,13,3,3.000000014572187,1.4572187012618087e-08,True,3,0.0013029960100539029,solved,1.4968813125636918e-09
FCr~o,7,13,3,2.9999999958602275,-4.139772524780483e-09,True,3,0.000965598999755457,solved,2.582096605318775e-10
FCr~w,7,14,3,2.9999999987040162,-1.2959837647485983e-09,True,3,0.0009173719736281782,solved,4.358084660555917e-13
FCurW,7,11,3,3.000000009102636,9.102635978308626e-09,True,3,0.001019360002828762,solved,1.6930682105256531e-09
FCusw,7,11,3,2.9999999973923352,-2.607664750797767e-09,True,3,0.0014597499975934625,solved,1.5107275705288068e-10
FCuto,7,11,3,2.999999995589483,-4.410516840636092e-09,True,3,0.0014234190166462213,solved,1.2750433484851423e-10
FCuuW,7,11,3,2.9999999947818914,-5.218108611870775e-09,True,3,0.0012721699895337224,solved,5.443423489737143e-13
FCuuw,7,12,3,2.999999995835097,-4.164903089076688e-09,True,3,0.0009498290019109845,solved,3.561595462997502e-13
FCuvW,7,12,3,2.9999999849002585,-1.509974145719184e-08,True,3,0.001392350997775793,solved,2.5833779560002768e-12
FCuvo,7,12,3,3.0000000316144946,3.161449457778076e-08,True,3,0.000870281015522778,solved,5.490201569757399e-09
FCuvw,7,13,3,3.000000001323665,1.3236651774661823e-09,True,3,0.000739909999538213,solved,1.811046431669416e-10
FCu~w,7,14,3,3.0000000024384543,2.438454327347017e-09,True,3,0.0007227140013128519,solved,2.734627436653857e-10
FCvRW,7,11,3,3.0000000053826255,5.38262545646262e-09,True,3,0.0011906980071216822,solved,6.366045875675282e-09
FCvTw,7,12,3,2.9999999993896997,-6.10300254777485e-10,True,3,0.0013006790250074118,solved,1.2915288127242726e-11
FCvVW,7,12,3,3.0000000083236094,8.323609357319128e-09,True,3,0.0014654019905719906,solved,1.8124545679776102e-09
FCvVo,7,12,3,3.000000004644077,4.644077122861745e-09,True,3,0.0013121440133545548,solved,5.26312662141604e-10
FCvVw,7,13,3,3.0000000003219403,3.2194025223475364e-10,True,3,0.0016667089948896319,solved,4.2144809070417534e-10
FCv\w,7,13,3,2.999999994711142,-5.288857796159618e-09,True,3,0.0009494940168224275,solved,2.954041364225819e-11
FCv^o,7,13,3,3.000000028349221,2.834922119276939e-08,True,3,0.0008455569914076477,solved,5.715676977819065e-09
FCv^w,7,14,3,2.9999999949314353,-5.068564679078236e-09,True,3,0.0007412300037685782,solved,5.44991726474852e-11
FCv`w,7,11,3,2.99999999760417,-2.3958302008963983e-09,True,3,0.001691829995252192,solved,1.7071382845659564e-10
FCvaw,7,11,3,3.0000000021901796,2.190179593242192e-09,True,3,0.0015841049898881465,solved,8.205159249537956e-10
FCvbW,7,11,3,3.0000000003218297,3.21829674021501e-10,True,3,0.0013946740073151886,solved,1.1693626509462343e-10
FCvbg,7,11,3,2.9999999997289457,-2.710542901240842e-10,True,3,0.0014756539894733578,solved,1.5088281966473085e-10
FCvbo,7,11,3,2.999999986618415,-1.3381585173277699e-08,False,3,0.0961037669912912,solved,1.2694522334283353e-08
FCvbw,7,12,3,3.000000001033492,1.0334919586796332e-09,True,3,0.0015981660108081996,solved,1.3934062366970583e-10
FCvcw,7,11,3,3.000000006677039,6.677038921765188e-09,True,3,0.001398628985043615,solved,9.966981157838013e-10
FCvdW,7,11,3,3.0000000022646365,2.264636478344073e-09,True,3,0.0013366809871513397,solved,2.440386621999502e-10
FCvdg,7,11,3,2.999999999581035,-4.189648628027953e-10,False,3,0.001567733008414507,solved,2.8000350126868764e-10
FCvdo,7,11,3,2.9999999987381947,-1.261805326890908e-09,False,3,0.001569976011523977,solved,2.9081790846005526e-10
FCvdw,7,12,3,2.999999991569178,-8.43082181845034e-09,True,3,0.0014003599935676903,solved,1.5459855617905305e-12
FCveg,7,11,3,3.000000007867644,7.867643869730045e-09,True,3,0.001458490005461499,solved,5.48198723144118e-09
FCveo,7,11,3,3.0000000250511327,2.5051132723774572e-08,True,3,0.0010210220061708242,solved,3.0584974892731646e-09
FCvew,7,12,3,2.9999999883553308,-1.1644669228871862e-08,True,3,0.001232867012731731,solved,3.048450381015755e-12
FCvfG,7,11,3,2.9999999970746964,-2.9253035549459128e-09,True,3,0.0014108539908193052,solved,1.411445531170468e-10
FCvfO,7,11,3,3.00000000333786,3.3378602104505717e-09,True,3,0.0015686989936511964,solved,1.0345597841093126e-09
FCvfW,7,12,3,2.9999999988606767,-1.1393233023682114e-09,True,3,0.0015323570114560425,solved,1.9850221844911395e-10
FCvfg,7,12,3,2.999999992089394,-7.91060594806936e-09,True,3,0.0013849280076101422,solved,1.2867484855405564e-12
FCvfo,7,12,3,2.99999999251438,-7.485620123759418e-09,True,3,0.001409197982866317,solved,1.2172485241990216e-12
FCvfw,7,13,3,2.999999998310494,-1.6895058685406639e-09,True,3,0.0011878200166393071,solved,4.5363712786183896e-13
FCvtw,7,13,3,2.9999999972548803,-2.745119687119768e-09,True,3,0.0009532650001347065,solved,5.163172833999459e-10
FCvvg,7,13,3,3.0000000073866384,7.386638412043567e-09,True,3,0.0008372380107175559,solved,1.7809261034269195e-09
FCvvo,7,13,3,2.9999999971709355,-2.829064538190096e-09,True,3,0.0009360850090160966,solved,5.267238741495149e-10
FCvvw,7,14,3,2.9999999674144515,-3.2585548481733895e-08,True,3,0.0007280099962372333,solved,5.551670234638095e-12
FCv~w,7,15,3,3.000000006262656,6.262656171429626e-09,True,3,0.0006220469949766994,solved,7.315178638715665e-10
FCxrW,7,11,3,2.999999975420883,-2.4579116963963088e-08,False,3,0.1005153089936357,solved,8.509960969862841e-09
FCxsw,7,11,3,2.999999995597327,-4.40267289292251e-09,False,3,0.0015901810256764293,solved,1.468139648927237e-10
FCxuW,7,11,3,3.0000000221491514,2.2149151401862355e-08,False,3,0.07282985199708492,solved,1.3135322394976673e-08
FCxuw,7,12,3,3.0000000063061356,6.306135613698416e-09,False,3,0.07113175297854468,solved,1.1860221883201209e-08
FCxv?,7,10,3,3.1965575950420924,0.19655759504209236,False,4,0.0010905649978667498,solved,1.2240686522269092e-10
FCxvO,7,11,3,3.000000024594381,2.4594381198284054e-08,False,3,0.0017547720053698868,solved,4.456166045460021e-09
FCxvW,7,12,3,3.0000000246270644,2.462706438777218e-08,False,3,0.036616499011870474,solved,7.877022654222694e-09
FCxv_,7,11,3,3.0000000280761507,2.8076150737632588e-08,False,3,0.002386382984695956,solved,5.0908283260563065e-09
FCxvo,7,12,3,2.9999999773565302,-2.264346976588172e-08,False,3,0.11962656801915728,solved,1.0929282656405981e-08
FCxvw,7,13,3,3.000000001019877,1.01987707168405e-09,False,3,0.0010632459889166057,solved,3.723732986721285e-10
FCx}w,7,13,3,3.0000000020378867,2.0378867482406804e-09,True,3,0.0011611460067797452,solved,3.4812101694047e-10
FCx~w,7,14,3,2.999999995505429,-4.494570937652043e-09,True,3,0.0011034719937015325,solved,1.0299538999447577e-12
FCz\w,7,13,3,2.999999999791701,-2.0829915570175217e-10,True,3,0.0015312570030800998,solved,1.2829253637468875e-10
FCz]w,7,13,3,2.9999999972349927,-2.7650073342044834e-09,True,3,0.0014137029938865453,solved,2.1622878117801162e-10
FCz^g,7,13,3,2.999999992461513,-7.538487167835228e-09,True,3,0.0013898229808546603,solved,9.735545702937998e-13
FCz^o,7,13,3,2.9999999978111282,-2.1888717505191835e-09,True,3,0.001400337991071865,solved,2.1550315627810977e-10
FCz^w,7,14,3,2.9999999970296503,-2.970349743947054e-09,True,3,0.0010515229951124638,solved,1.6719958750854857e-13
FCzaw,7,11,3,2.9999999977895953,-2.2104047481263933e-09,True,3,0.0014751940034329891,solved,2.1538326677728037e-14
FCzbW,7,11,3,3.00000000219449,2.1944899231129966e-09,True,3,0.0012189339904580265,solved,3.5777817840748473e-10
FCzbo,7,11,3,2.9999999984892853,-1.510714664476609e-09,False,3,0.00170060497475788,solved,2.957849209007609e-10
FCzbw,7,12,3,2.999999981884098,-1.8115902111759397e-08,True,3,0.0015649849956389517,solved,1.6821670883337012e-09
FCzcw,7,11,3,2.9999999968420643,-3.1579356907229794e-09,True,3,0.001407620991813019,solved,6.826725596666787e-11
FCzeW,7,11,3,2.999999995483343,-4.516656826325516e-09,True,3,0.0013150390004739165,solved,2.7533531010703882e-14
FCzew,7,12,3,3.0000000654721095,6.547210951168836e-08,True,3,0.0011955529917031527,solved,9.209011331519713e-09
FCzfO,7,11,3,3.000000001920424,1.9204238199677093e-09,True,3,0.0017189159989356995,solved,2.7190832732254896e-10
FCzfW,7,12,3,2.9999999797418218,-2.0258178246024272e-08,True,3,0.0016941619978751987,solved,2.90745205688836e-12
FCzf_,7,11,3,2.99999999982369,-1.763100776486226e-10,True,3,0.00123066600644961,solved,4.138162041581813e-12
FCzfo,7,12,3,3.0000000012805343,1.2805343452271245e-09,True,3,0.0014786779938731343,solved,6.480757878251302e-10
FCzfw,7,13,3,2.9999999962817587,-3.718241270433964e-09,True,3,0.0010648989991750568,solved,2.0650148258027912e-14
FCzjw,7,13,3,3.0000000002396656,2.3966562068267194e-10,True,3,0.00138760099071078,solved,1.2546257893787855e-10
FCzmw,7,13,3,2.9999999972219515,-2.7780484579409404e-09,True,3,0.0014360930072143674,solved,1.9182220023535506e-10
FCznW,7,13,3,2.9999999999621907,-3.780931123742448e-11,True,3,0.0014884450065437704,solved,1.2396937581682534e-10
FCzno,7,13,3,2.999999996686578,-3.3134219812325227e-09,True,3,0.0013548900024034083,solved,6.150635556423367e-13
FCznw,7,14,3,3.0000000008322085,8.322085243150923e-10,True,3,0.0012799059913959354,solved,1.251939116345241e-10
FCzro,7,12,3,2.9999999859715656,-1.4028434414115054e-08,True,3,0.0012352890043985099,solved,2.2930546350607983e-12
FCzrw,7,13,3,3.000000001266247,1.2662471071678283e-09,True,3,0.001710697019007057,solved,1.455554760273813e-10
FCzvg,7,13,3,2.9999999986376884,-1.3623115968641741e-09,True,3,0.0016264109872281551,solved,2.002262702915517e-10
FCzvo,7,13,3,2.9999999949550804,-5.044919593188979e-09,True,3,0.001324606011621654,solved,1.2639780791821947e-10
FCzvw,7,14,3,2.9999999995721676,-4.2783243614508137e-10,True,3,0.0010938519844785333,solved,1.6686652060116103e-13
FCz~w,7,15,3,3.000000001617698,1.6176979755755383e-09,True,3,0.0008249719976447523,solved,2.2251139152198237e-10
FC~uw,7,14,3,3.000000035030629,3.5030629064181085e-08,True,3,0.0006154509901534766,solved,4.218209266811286e-09
FC~vW,7,14,3,2.9999999987338666,-1.2661334203301067e-09,True,3,0.0009891600057017058,solved,3.0120350658080497e-13
FC~vo,7,14,3,2.9999999987924904,-1.2075096478270098e-09,True,3,0.00042434901115484536,solved,1.860324114146013e-10
FC~vw,7,15,3,3.000000000508347,5.083471421585273e-10,True,3,0.00034136598696932197,solved,1.8116522128505417e-10
FC~~w,7,16,3,3.0000000022591515,2.259151532513215e-09,True,3,0.00031455999123863876,solved,3.029837216059321e-10
FEhbo,7,10,3,2.999999997053294,-2.9467059903254267e-09,True,3,0.0013634659990202636,solved,5.095215435828275e-11
FEhd_,7,9,3,2.9999999974557046,-2.544295440998212e-09,False,3,0.0015866419998928905,solved,3.197442310920451e-14
FEhe_,7,9,3,3.0000000027478584,2.7478583852769134e-09,True,3,0.0010111280134879053,solved,9.497815283724975e-10
FEheo,7,10,3,3.0000000262104995,2.6210499548540156e-08,False,3,0.0009032700036186725,solved,2.6956294878973765e-09
FEhf?,7,9,4,4.000000006545043,6.545042730010664e-09,True,4,0.001760321989422664,solved,3.3575031185695956e-10
FEhf_,7,10,3,3.0000000168785275,1.687852746456997e-08,True,3,0.0014045790012460202,solved,2.271014336362158e-09
FEhfo,7,11,3,3.0000000018213533,1.8213532904098884e-09,True,3,0.0010788310028146952,solved,7.034196265131312e-10
FEhfw,7,12,3,2.9999999979380845,-2.0619155272072476e-09,True,3,0.0008181210141628981,solved,2.426947531830592e-13
FEhro,7,11,3,2.9999999995145146,-4.854854296354461e-10,False,3,0.0012118509912397712,solved,3.786228415674638e-10
FEhtg,7,11,3,2.9999999957132455,-4.2867545069213975e-09,False,3,0.0012358349922578782,solved,1.4953593918676233e-12
FEhto,7,11,3,3.000000008823051,8.823051178552532e-09,False,3,0.001032818981911987,solved,1.3950991777884652e-09
FEhtw,7,12,3,3.0000000012447243,1.244724323612445e-09,False,3,0.0009722570248413831,solved,9.77794076463759e-10
FEhuO,7,10,3,2.999999993286097,-6.713903211164052e-09,False,3,0.001395403000060469,solved,7.636113963371827e-13
FEhuo,7,11,3,3.000000011340072,1.1340071992549383e-08,False,3,0.0012620599882211536,solved,2.4612578676891767e-09
FEhuw,7,12,3,3.0000000219214984,2.1921498394306127e-08,False,3,0.000990897009614855,solved,5.024092310055378e-09
FEhv?,7,10,3,3.0000000006575727,6.575726629876044e-10,False,3,0.0022819349833298475,solved,7.524436765860769e-11
FEhvO,7,11,3,2.99999998618941,-1.3810590004936785e-08,False,3,0.0015003219887148589,solved,4.913403017781093e-12
FEhvg,7,12,3,3.000000003658564,3.6585641183251028e-09,False,3,0.0011162859736941755,solved,1.5207852823292483e-09
FEhvo,7,12,3,2.9999999928798413,-7.120158684870148e-09,False,3,0.0011173980019520968,solved,2.02127203863256e-12
FEhvw,7,13,3,3.0000000066269243,6.626924342612028e-09,False,3,0.0008439699886366725,solved,2.349790953699515e-09
FEhzo,7,12,3,2.999999998616022,-1.383977821234339e-09,True,3,0.0011331859859637916,solved,9.186951941552115e-11
FEhzw,7,13,3,2.9999999994682978,-5.317022377937519e-10,True,3,0.000945081003010273,solved,9.547622811326298e-11
FEh}o,7,12,3,3.000000002043488,2.0434880454445192e-09,True,3,0.0011550940107554197,solved,8.85359151513302e-10
FEh}w,7,13,3,3.0000000000636105,6.361045024050327e-11,True,3,0.0009879530116450042,solved,1.3967096636449947e-09
FEh~o,7,13,3,2.999999972863275,-2.7136724867204975e-08,True,3,0.0010526819969527423,solved,7.741696173013679e-12
FEh~w,7,14,3,3.0000000109603038,1.0960303775675584e-08,True,3,0.0006687130080536008,solved,1.245677575196225e-08
FEiro,7,11,3,2.9999999930073,-6.992700196661872e-09,True,3,0.0010029010009020567,solved,4.0406566302652475e-10
FEitW,7,11,3,3.000000002500619,2.5006188231202486e-09,True,3,0.0011937899980694056,solved,2.567900455595295e-09
FEitw,7,12,3,3.000000003866372,3.866372111360761e-09,True,3,0.000969738990534097,solved,2.049956647447204e-09
FEivW,7,12,3,3.0000000012184485,1.2184484532440365e-09,True,3,0.0009742729889694601,solved,1.9492536588068433e-10
FEivg,7,12,3,2.999999996874089,-3.125911085533062e-09,True,3,0.0012881410075351596,solved,5.520200192434372e-11
FEivo,7,12,3,3.0000000026732216,2.673221644045043e-09,True,3,0.0011339180055074394,solved,1.5126001145246387e-08
FEivw,7,13,3,3.000000014529811,1.4529811132035775e-08,True,3,0.0007470870041288435,solved,3.1742671512350203e-09
FEj\w,7,13,3,2.9999999921720057,-7.827994252807002e-09,True,3,0.0010961320076603442,solved,6.904476990143849e-13
FEj]w,7,13,3,3.000000004502342,4.502342054735209e-09,True,3,0.0008466150029562414,solved,1.8747663316327364e-09
FEj^o,7,13,3,2.9999999723105377,-2.7689462278601695e-08,True,3,0.0009464909962844104,solved,7.245759547913622e-12
FEj^w,7,14,3,3.000000052712886,5.271288605612767e-08,True,3,0.0007078369962982833,solved,7.407594635690748e-09
FEjbo,7,11,3,2.99999999901994,-9.800600331288933e-10,False,3,0.0011814610043074936,solved,4.296050895305715e-12
FEjdg,7,11,3,2.999999999976221,-2.3779200830631453e-11,True,3,0.0014833890018053353,solved,1.9462596109332683e-10
FEjeg,7,11,3,3.000000028424735,2.8424735010190716e-08,True,3,0.0009800760017242283,solved,2.7480855416494215e-09
FEjeo,7,11,3,2.9999999696756823,-3.032431772354016e-08,False,3,0.00125775599735789,solved,7.702172233337023e-12
FEjfG,7,11,3,3.00000000969737,9.697370018102447e-09,True,3,0.0015566970105282962,solved,4.7767683396642196e-09
FEjf_,7,11,3,3.000000000046461,4.64610572237234e-11,True,3,0.001825006998842582,solved,1.6564743660484555e-11
FEjfg,7,12,3,3.000000002156946,2.1569461772230625e-09,True,3,0.0011089809995610267,solved,5.003503588968053e-09
FEjfo,7,12,3,2.999999997249526,-2.7504740707229303e-09,True,3,0.0011608950153458863,solved,1.115379649763835e-09
FEjfw,7,13,3,2.9999999913264217,-8.673578300033569e-09,True,3,0.0007582950056530535,solved,1.3921086505774838e-12
FEjrw,7,13,3,2.9999999747283175,-2.5271682524419248e-08,True,3,0.0009839699778240174,solved,7.807865465281338e-12
FEjtw,7,13,3,3.00000000272046,2.720459857386004e-09,True,3,0.0010822540207300335,solved,6.99715501085571e-10
FEjuw,7,13,3,3.000000009038889,9.038889192680699e-09,True,3,0.0009497010032646358,solved,1.172984187144327e-09
FEjvW,7,13,3,2.999999992508141,-7.491859133068601e-09,True,3,0.0009320940007455647,solved,2.2444268665822165e-12
FEjvg,7,13,3,2.9999999940648525,-5.935147484592562e-09,True,3,0.0009722090035211295,solved,1.0162981567418683e-12
FEjvo,7,13,3,2.9999999820109404,-1.7989059575285182e-08,True,3,0.0009653629967942834,solved,5.565770067050835e-12
FEjvw,7,14,3,2.999999988863363,-1.1136636945963119e-08,True,3,0.0007167820003814995,solved,3.962608019492109e-12
FEj~o,7,14,3,3.0000000118891634,1.1889163431533234e-08,True,3,0.0005881219985894859,solved,3.347524020671284e-09
FEj~w,7,15,3,3.000000000006362,6.362022020311997e-12,True,3,0.0005464350106194615,solved,8.23085734577119e-12
FEl}w,7,14,3,3.0000000021468765,2.1468764543897123e-09,True,3,0.0009596229938324541,solved,1.8680726519984117e-10
FEl~o,7,14,3,3.0000000140023464,1.4002346393482412e-08,True,3,0.0008765590027906001,solved,2.5817891195342467e-09
FEl~w,7,15,3,2.999999995962232,-4.0377678978131826e-09,True,3,0.001176258985651657,solved,6.055156376305604e-13
FEnaw,7,12,3,2.9999999941315343,-5.868465713376736e-09,False,3,0.0014115810045041144,solved,1.910138713867582e-12
FEnbg,7,12,3,2.9999999801723884,-1.9827611552614144e-08,False,3,0.0010874529834836721,solved,5.275335723808894e-12
FEnbo,7,12,3,3.0000000039649883,3.964988337656905e-09,False,3,0.0022304480080492795,solved,3.8153417072579426e-10
FEnbw,7,13,3,2.9999999686599295,-3.1340070538732334e-08,False,3,0.0010837270237971097,solved,8.866574141563888e-12
FEncw,7,12,3,3.000000019348501,1.9348501023586095e-08,False,3,0.000994108006125316,solved,3.349182267735364e-09
FEndg,7,12,3,3.000000019381874,1.9381873883617118e-08,False,3,0.001011028012726456,solved,6.922773653299573e-09
FEnew,7,13,3,2.9999999850058243,-1.4994175678850752e-08,False,3,0.0010850210092030466,solved,4.589661983800397e-12
FEnf_,7,12,3,2.999999999842851,-1.5714896051122196e-10,False,3,0.0009981449984479696,solved,1.6498581458716435e-10
FEnfg,7,13,3,2.9999999951896617,-4.81033834986988e-09,False,3,0.001248006010428071,solved,5.079255223471898e-10
FEnfo,7,13,3,2.9999999966094006,-3.3905993568339454e-09,False,3,0.0011853190080728382,solved,3.758281474418486e-10
FEnfw,7,14,3,3.0000000053923563,5.392356339228854e-09,False,3,0.0009448239870835096,solved,7.778552206997657e-10
FEnvW,7,14,3,2.9999999606340575,-3.936594250575354e-08,True,3,0.0009893369860947132,solved,1.1589840198666934e-11
FEnvg,7,14,3,2.9999999952092526,-4.790747354377345e-09,True,3,0.0008892799960449338,solved,7.418200946253843e-10
FEnvo,7,14,3,2.999999988969418,-1.1030581781312776e-08,True,3,0.0009586359956301749,solved,2.7349233988616106e-12
FEnvw,7,15,3,3.000000007752176,7.752175790187721e-09,True,3,0.0007027829997241497,solved,1.7288548797534025e-09
FEn~w,7,16,3,3.000000001230048,1.2300480634053201e-09,True,3,0.0004656189994420856,solved,2.023321505399384e-09
FEr^o,7,13,3,3.0000000279677628,2.7967762772362903e-08,True,3,0.0012141390179749578,solved,4.9748113941819715e-09
FEr^w,7,14,3,2.9999999891061755,-1.089382450913945e-08,True,3,0.0009958409937098622,solved,2.308264690498163e-12
FErtw,7,13,3,2.9999999963464625,-3.65353747255881e-09,True,3,0.000992348010186106,solved,1.171264788897693e-09
FEruw,7,13,3,2.9999999974234477,-2.5765523048448813e-09,True,3,0.0011045430146623403,solved,2.2602157373148997e-09
FErvW,7,13,3,3.000000007699767,7.699767046176476e-09,True,3,0.0008609920041635633,solved,6.989744880390443e-09
FErvg,7,13,3,2.999999992432778,-7.567221960158577e-09,True,3,0.0016188670124392956,solved,7.0815527880808906e-09
FErvo,7,13,3,3.000000000504074,5.0407411578135e-10,True,3,0.0012398659891914576,solved,5.040273863444183e-10
FErvw,7,14,3,3.000000008489786,8.489786207377392e-09,True,3,0.0009363320132251829,solved,1.1021143486621683e-08
FEr~o,7,14,3,2.999999997672941,-2.3270589899482275e-09,True,3,0.00043540599290281534,solved,1.3437799484331154e-10
FEr~w,7,15,3,2.999999999666119,-3.3388092290920213e-10,True,3,0.00043229199945926666,solved,3.1732672055996813e-11
FEu|w,7,14,3,2.9999999849944894,-1.5005510611842965e-08,True,3,0.0008801310032140464,solved,3.6460834351714766e-12
FEu~g,7,14,3,3.0000000068018062,6.801806229361773e-09,True,3,0.0008702579943928868,solved,2.285674247571204e-09
FEu~o,7,14,3,2.9999999854587918,-1.4541208237517367e-08,True,3,0.0009036379924509674,solved,3.97326616052851e-12
FEu~w,7,15,3,2.999999992922563,-7.077436858793362e-09,True,3,0.0007617109804414213,solved,1.41364095350028e-10
FEv\w,7,14,3,2.9999999764282372,-2.35717627639076e-08,True,3,0.0007639090181328356,solved,7.542633184698389e-12
FEv^o,7,14,3,2.9999999930191708,-6.98082924799337e-09,True,3,0.0009372650238219649,solved,4.1620189977160484e-11
FEv^w,7,15,3,2.9999999793109806,-2.0689019386566088e-08,True,3,0.0006263240065891296,solved,6.476930103360701e-12
FEvvW,7,14,3,3.0000000091123287,9.112328669402814e-09,True,3,0.0006858330161776394,solved,1.3483864285284316e-09
FEvvg,7,14,3,3.0000000132627482,1.3262748232989452e-08,True,3,0.000940491008805111,solved,3.3066405664672087e-09
FEvvo,7,14,3,2.9999999893304614,-1.0669538585972305e-08,True,3,0.0008263869967777282,solved,2.2890578321721478e-12
FEvvw,7,15,3,2.9999999757609985,-2.42390014726368e-08,True,3,0.0007106100092642009,solved,6.091127602303459e-12
FEv~w,7,16,3,2.999999989392173,-1.060782706119312e-08,True,3,0.0006010780052747577,solved,2.7287061499237097e-12
FEzPw,7,12,3,3.0000000005329137,5.329137131582229e-10,True,3,0.001432251010555774,solved,2.65200697115928e-10
FEzSw,7,12,3,2.9999999907645716,-9.235428422016412e-09,True,3,0.0009268780122511089,solved,1.4670487047396819e-12
FEzTg,7,12,3,3.000000000957607,9.576068826788742e-10,False,3,0.0012094659905415028,solved,1.1427898303883122e-10
FEzTw,7,13,3,2.9999999774292108,-2.2570789237619238e-08,True,3,0.0009120780159719288,solved,5.749400955323836e-12
FEzUg,7,12,3,3.0000000030442258,3.044225760362451e-09,True,3,0.0009401369898114353,solved,9.674227727347502e-10
FEzUo,7,12,3,2.9999999933914054,-6.608594560475467e-09,True,3,0.0013794699916616082,solved,9.094947017729282e-13
FEzUw,7,13,3,2.9999999878750057,-1.212499434188885e-08,True,3,0.0009111249819397926,solved,3.913314117198752e-12
FEzVO,7,12,3,3.0000000015622463,1.5622463322984004e-09,True,3,0.0011840829974971712,solved,2.1653897637651477e-10
FEzV_,7,12,3,3.000000004145469,4.14546885707523e-09,True,3,0.0010022080095950514,solved,2.8029122656044067e-09
FEzVg,7,13,3,3.0000000288642745,2.8864274526085865e-08,True,3,0.0008718030003365129,solved,6.8843011294060076e-09
FEzVo,7,13,3,2.999999995611019,-4.388981178493623e-09,True,3,0.0011330080160405487,solved,3.6348074608104423e-10
FEzVw,7,14,3,3.000000004654436,4.6544359477707076e-09,True,3,0.0007642779964953661,solved,1.6926636446042983e-09
FEzeW,7,12,3,3.000000001619864,1.619863798651977e-09,True,3,0.0017849129799287766,solved,1.5000644636426298e-10
FEzfO,7,12,3,3.000000013728604,1.3728604031371106e-08,True,3,0.001452719996450469,solved,1.7120146305751427e-09
FEzfW,7,13,3,2.9999999999173967,-8.260325756737075e-11,True,3,0.0014016279892530292,solved,1.4605077659315388e-09
FEzf_,7,12,3,3.000000008830767,8.830766784484467e-09,True,3,0.0020211730152368546,solved,3.2373953795393854e-09
FEzfo,7,13,3,3.000000008438672,8.43867198341286e-09,True,3,0.0017866900016088039,solved,4.670164008520912e-09
FEzfw,7,14,3,2.999999997361773,-2.638226970219648e-09,True,3,0.0011858770158141851,solved,3.004290217943022e-10
FEznW,7,14,3,2.9999999831663646,-1.6833635374524647e-08,True,3,0.0009610530105419457,solved,4.96269692007445e-12
FEzno,7,14,3,2.999999995869145,-4.130855213446694e-09,True,3,0.0011405450059100986,solved,1.1397549570801857e-12
FEznw,7,15,3,3.000000027056425,2.7056425100369097e-08,True,3,0.0007534339965786785,solved,5.667095096259911e-09
FEzvO,7,13,3,2.9999999793693743,-2.0630625652273693e-08,True,3,0.0010620079992804676,solved,4.102052031385028e-12
FEzvg,7,14,3,2.999999982563521,-1.743647892737954e-08,True,3,0.0008693250128999352,solved,5.477174269685747e-12
FEzvo,7,14,3,2.9999999882365826,-1.176341735131814e-08,True,3,0.000976504001300782,solved,2.5268676040468563e-12
FEzvw,7,15,3,2.999999993554257,-6.44574305042056e-09,True,3,0.0007173139892984182,solved,3.2286325017881077e-10
FEz~w,7,16,3,2.999999953076808,-4.692319199861572e-08,True,3,0.0005052720080129802,solved,1.645839020625317e-11
FE~tw,7,15,3,3.0000000351102227,3.51102227291733e-08,True,3,0.0006789419858250767,solved,5.740874534379848e-09
FE~uw,7,15,3,2.9999999803461113,-1.9653888738702108e-08,True,3,0.0007266929897014052,solved,5.5779825203217115e-12
FE~vW,7,15,3,2.9999999455197424,-5.4480257638545027e-08,True,3,0.0005827469867654145,solved,1.694822060471779e-11
FE~vo,7,15,3,2.9999999828505772,-1.7149422770756928e-08,True,3,0.0006463910103775561,solved,4.321210056446034e-12
FE~vw,7,16,3,3.0000000486432765,4.864327651787903e-08,True,3,0.0004721769946627319,solved,6.5144573116519836e-09
FE~~w,7,17,3,3.000000000893345,8.933449535675209e-10,True,3,0.0004093460156582296,solved,7.830056274613292e-10
FFzeo,7,13,3,2.9999999991301762,-8.698237685678123e-10,True,3,0.0013351520174182951,solved,1.5195180971870886e-10
FFzf_,7,13,3,2.999999998843564,-1.1564358359805738e-09,True,3,0.0004150629974901676,solved,6.439293542825908e-14
FFzfo,7,14,3,3.000000001924763,1.9247630156371542e-09,True,3,0.0005693539860658348,solved,2.015132835846571e-10
FFzfw,7,15,3,3.0000000000080993,8.099299009245442e-12,True,3,0.0002125999890267849,solved,7.287631856407651e-13
FFzvO,7,14,3,3.00000000023618,2.361799644745588e-10,True,3,0.000435937981819734,solved,6.014692916172075e-11
FFzvg,7,15,3,3.000000000011356,1.1355805185075951e-11,True,3,0.00042924299486912787,solved,1.0142564899922047e-12
FFzvo,7,15,3,3.000000000010235,1.0234924019414393e-11,True,3,0.00046940799802541733,solved,1.1054771331974562e-12
FFzvw,7,16,3,2.999999955884865,-4.411513510049758e-08,True,3,0.0003457890124991536,solved,1.2223386250089792e-09
FFz~o,7,16,3,3.000000001906146,1.90614590778182e-09,True,3,0.00033856998197734356,solved,1.9062372490199888e-10
FFz~w,7,17,3,2.9999999718677706,-2.8132229434874034e-08,True,3,0.00023862399393692613,solved,6.894487913174272e-11
FF~~w,7,18,3,3.0000000031289145,3.128914460859278e-09,True,3,0.0002130290085915476,solved,5.294439338671425e-10
FQhV?,7,9,3,2.9999999799421015,-2.0057898453273992e-08,True,3,0.0010487419785931706,solved,3.231082068566593e-12
FQhVO,7,10,2,2.0000000131411984,1.314119835171823e-08,True,2,0.0014475939969997853,solved,1.8773872263646435e-09
FQhV_,7,10,3,2.999999999553057,-4.469429271125591e-10,True,3,0.0016200339887291193,solved,4.485365452400809e-11
FQhVo,7,11,2,1.99999998868647,-1.131352989069967e-08,True,2,0.0015123310149647295,solved,8.659739592076221e-13
FQhVw,7,12,2,1.9999999977528713,-2.2471287053349442e-09,True,2,0.00038649901398457587,solved,3.686163514037275e-11
FQinO,7,11,3,3.000000000935955,9.359548691634245e-10,True,3,0.0016966150142252445,solved,1.3180544207634047e-10
FQinW,7,12,2,1.9999999989396011,-1.0603988798152386e-09,True,2,0.0014909550081938505,solved,6.328271240363392e-15
FQino,7,12,2,2.000000000431793,4.3179282371852423e-10,True,2,0.001761446997988969,solved,6.170614276360128e-11
FQinw,7,13,2,2.000000012385552,1.2385552139448919e-08,True,2,0.000882380991242826,solved,1.9776838389596457e-09
FQjR_,7,10,3,3.000000002728083,2.72808309276229e-09,False,3,0.0012010829814244062,solved,3.5139101926523765e-10
FQjRo,7,11,2,2.2360679662281155,0.23606796622811554,False,3,0.001175704994238913,solved,5.3339666017393483e-11
FQjUg,7,11,2,2.0000000161729727,1.6172972738814906e-08,True,2,0.001173116994323209,solved,2.310528844658986e-09
FQjVG,7,11,3,3.0000000012008288,1.2008287697540254e-09,True,3,0.0012430789938662201,solved,1.640361605592718e-10
FQjVO,7,11,2,1.999999994190193,-5.809807079870666e-09,True,2,0.0010674540244508535,solved,2.473576898864849e-13
FQjV_,7,11,3,3.000000005531298,5.5312980862254335e-09,True,3,0.0010582089889794588,solved,2.6777883577948625e-09
FQjVg,7,12,2,2.000000000971875,9.718750249021468e-10,True,2,0.0013500149943865836,solved,1.3882553941980933e-10
FQjVo,7,12,2,2.0000000014740795,1.474079525110028e-09,True,2,0.0014890359889250249,solved,2.1060829399742056e-10
FQjVw,7,13,2,1.9999999993137192,-6.862808099583617e-10,True,2,0.0007683190051466227,solved,2.5512309752458695e-10
FQjdg,7,11,3,2.99999999624913,-3.750869836949278e-09,True,3,0.0009639470081310719,solved,6.664668816824815e-13
FQjdo,7,11,3,2.9999999986940846,-1.3059153758376851e-09,False,3,0.0012881099828518927,solved,1.1592664069470338e-10
FQjdw,7,12,3,2.9999999911957658,-8.804234230552765e-09,True,3,0.0011324509978294373,solved,2.0720092308579297e-12
FQjew,7,12,3,3.0000000350764755,3.5076475501938376e-08,True,3,0.0009786270093172789,solved,6.295930527581784e-09
FQjfG,7,11,3,3.000000012766067,1.2766066870284476e-08,True,3,0.0010615359933581203,solved,1.4014980317249434e-09
FQjfW,7,12,3,3.000000014745979,1.474597910444686e-08,True,3,0.001002700999379158,solved,2.35666002458221e-09
FQjfg,7,12,3,3.0000000134335623,1.343356226257697e-08,True,3,0.0010921409993898124,solved,2.387173164362018e-09
FQjfo,7,12,3,3.000000014685203,1.468520283154362e-08,True,3,0.0011368890118319541,solved,1.3448272842999471e-09
FQjfw,7,13,3,3.000000003326383,3.3263831689112067e-09,True,3,0.000991377019090578,solved,6.781473342261551e-10
FQjlw,7,13,2,1.9999999915200743,-8.479925650561881e-09,True,2,0.0015034950047265738,solved,6.417089082333405e-13
FQjnW,7,13,2,2.000000001056009,1.0560090579758707e-09,True,2,0.0015597600140608847,solved,1.5085281108716814e-10
FQjno,7,13,2,1.9999999983420245,-1.6579755346413094e-09,True,2,0.0014939020038582385,solved,6.772360450213455e-14
FQjnw,7,14,2,1.999999997114837,-2.8851629974013804e-09,True,2,0.001187888003187254,solved,9.992007221626409e-15
FQjuw,7,13,2,2.0000000032843537,3.284353677912577e-09,True,2,0.0013868240057490766,solved,4.691795579381576e-10
FQjvW,7,13,2,1.9999999838797002,-1.61202997617238e-08,True,2,0.001370940008200705,solved,4.432010314303625e-13
FQjvg,7,13,2,1.9999999881395683,-1.1860431747834355e-08,True,2,0.0014777729811612517,solved,1.0436096431476471e-12
FQjvo,7,13,2,1.9999999977710186,-2.2289814438636313e-09,True,2,0.0015620189951732755,solved,5.10702591327572e-14
FQjvw,7,14,2,2.0000000059092473,5.909247313695687e-09,True,2,0.0009627359977457672,solved,9.347059884670686e-10
FQj~o,7,14,2,2.0000000012356343,1.235634261576024e-09,True,2,0.000670592999085784,solved,1.7643553285040525e-10
FQj~w,7,15,2,2.0000000009803167,9.803167166921867e-10,True,2,0.0005620990123134106,solved,2.6257383507061194e-10
FQyqw,7,12,2,2.2360679800288583,0.23606798002885832,False,3,0.0013129589788150042,solved,3.569505717297465e-10
FQytW,7,12,2,2.236067973883818,0.23606797388381784,False,3,0.0016831709945108742,solved,1.6653345369377348e-15
FQyuW,7,12,3,2.9999999803279205,-1.9672079520915986e-08,False,3,0.0010650479816831648,solved,6.212030889685138e-12
FQyuo,7,12,2,2.2360679855286754,0.23606798552867536,False,3,0.0014331770071294159,solved,1.647194347798111e-09
FQyuw,7,13,2,2.236067974997574,0.23606797499757404,False,3,0.001492857001721859,solved,2.738995724298448e-10
FQyvO,7,12,2,2.236067975591958,0.23606797559195813,False,3,0.001552116998936981,solved,1.2179146580137967e-13
FQyvW,7,13,2,2.2360679757062787,0.2360679757062787,False,3,0.001385503011988476,solved,7.663137999022456e-10
FQyv_,7,12,3,2.999999999199495,-8.005049956238963e-10,False,3,0.0011945900041610003,solved,9.252405567856234e-11
FQyvo,7,13,2,2.236067976534036,0.2360679765340361,False,3,0.0012612760183401406,solved,2.8135183894570355e-10
FQyvw,7,14,2,2.2360679815937488,0.23606798159374875,False,3,0.0007895869784988463,solved,1.71612358504825e-08
FQy}w,7,14,2,1.999999984529028,-1.547097205900627e-08,True,2,0.001513975003035739,solved,2.147615418834903e-12
FQy~o,7,14,2,1.9999999977099585,-2.2900414897719656e-09,True,2,0.0017226209747605026,solved,8.881784197001252e-15
FQy~w,7,15,2,1.999999991334868,-8.665131945306825e-09,True,2,0.0011511350166983902,solved,5.558886684298159e-13
FQzTo,7,12,2,1.9999999974531346,-2.5468653852556145e-09,True,2,0.0017329889815300703,solved,4.440892098500626e-16
FQzUW,7,12,3,3.0000000246488603,2.464886028619162e-08,True,3,0.0009588030225131661,solved,4.38029387555859e-09
FQzUo,7,12,3,2.9999999962135475,-3.786452484888514e-09,True,3,0.0011265439970884472,solved,1.2043699371133698e-12
FQzVO,7,12,2,1.999999999915578,-8.442202492631168e-11,True,2,0.0012087530049029738,solved,5.573319583618286e-14
FQzVW,7,13,2,1.9999999964075534,-3.592446562450391e-09,True,2,0.0013459789915941656,solved,4.092282068768327e-13
FQzV_,7,12,3,3.000000020580014,2.058001413729471e-08,True,3,0.0009844950109254569,solved,3.933842792477386e-09
FQzVo,7,13,2,1.9999999956536052,-4.346394799625841e-09,True,2,0.0014913119957782328,solved,8.659739592076221e-15
FQzVw,7,14,2,1.9999999940695847,-5.9304152699724e-09,True,2,0.0008646270143799484,solved,5.564437799421285e-13
FQz^o,7,14,2,1.9999999971219358,-2.878064231381927e-09,True,2,0.0016329869977198541,solved,1.574296248918472e-13
FQz^w,7,15,2,1.9999999976382639,-2.3617361399885795e-09,True,2,0.0011024900013580918,solved,5.948797697065733e-14
FQzlw,7,14,2,1.9999999978122687,-2.1877313294282885e-09,True,2,0.0017137590039055794,solved,1.525446435834965e-13
FQzmw,7,14,2,2.0000000024454545,2.4454545055618837e-09,True,2,0.0013976589834783226,solved,3.49409547154268e-10
FQznW,7,14,2,2.000000003148813,3.1488132101742394e-09,True,2,0.0013355609844438732,solved,4.4987221949665153e-10
FQzno,7,14,2,1.999999996763086,-3.236914070114949e-09,True,2,0.001453027012757957,solved,3.6415315207705135e-14
FQznw,7,15,2,1.9999999929189085,-7.081091490945823e-09,True,2,0.0010230260086245835,solved,1.1324274851176597e-14
FQzuo,7,13,2,2.236067951445482,0.2360679514454822,False,3,0.0012892879894934595,solved,1.294773985615071e-08
FQzvO,7,13,2,1.9999999967731197,-3.2268803185075967e-09,True,2,0.0014220579760149121,solved,1.887379141862766e-14
FQzvg,7,14,2,2.0000000268325797,2.6832579713698124e-08,True,2,0.001402507012244314,solved,3.83313445292714e-09
FQzvo,7,14,2,1.9999999995829174,-4.1708259068684583e-10,True,2,0.0025682160048745573,solved,1.0436096431476471e-14
FQzvw,7,15,2,1.9999999927688292,-7.231170773280837e-09,True,2,0.0018317840003874153,solved,1.2656542480726785e-13
FQz~w,7,16,2,2.0000000130422535,1.3042253499406797e-08,True,2,0.0010475110029801726,solved,2.2612086457603526e-09
FQ~vW,7,15,2,1.9999999973276155,-2.6723845358844756e-09,True,2,0.0014064499991945922,solved,7.882583474838611e-14
FQ~vo,7,15,2,1.999999999800918,-1.9908208415131412e-10,True,2,0.0011103599972557276,solved,1.0869756276552988e-10
FQ~vw,7,16,2,2.0000000018985524,1.8985524263825937e-09,True,2,0.0005348119884729385,solved,3.7954330043357497e-10
FQ~~w,7,17,2,2.0000000006994214,6.994214096778251e-10,True,2,0.0006266249984037131,solved,1.9577735550793948e-10
FTm~o,7,15,2,1.9999999882211057,-1.1778894304370624e-08,True,2,0.0033661749912425876,solved,4.4853010194856324e-13
FTm~w,7,16,2,2.0000000058652883,5.865288255080259e-09,True,2,0.0014250540116336197,solved,9.471063311524566e-10
FTnvg,7,15,2,1.9999999970655107,-2.9344893182070564e-09,True,2,0.003347368008689955,solved,1.6142642778049776e-13
FTnvo,7,15,2,1.999999998982095,-1.0179050935477107e-09,True,2,0.0034660680103115737,solved,1.709743457922741e-14
FTnvw,7,16,2,2.000000012460494,1.2460493969967956e-08,True,2,0.0020072530023753643,solved,2.028076601481929e-09
FTn~w,7,17,2,2.000000005844002,5.8440021710737255e-09,True,2,0.0010735169926192611,solved,1.08710634028056e-09
FTznw,7,16,2,2.0000000000667053,6.670530794394836e-11,True,2,0.001633722014958039,solved,1.4280379670792179e-11
FTzvW,7,15,2,2.0000000159148628,1.591486276097953e-08,True,2,0.002089736983180046,solved,2.273634004402329e-09
FTzvg,7,15,2,2.0000000281204127,2.8120412665089134e-08,True,2,0.0018631870043464005,solved,4.016708049091924e-09
FTzvo,7,15,2,2.0000000168408705,1.6840870475931524e-08,True,2,0.002028805000009015,solved,2.4055680027468495e-09
FTzvw,7,16,2,1.9999999915063025,-8.493697523093147e-09,True,2,0.0013725289900321513,solved,8.087974734394265e-13
FTz~w,7,17,2,2.0000000000664997,6.649969463978778e-11,True,2,0.0009444030001759529,solved,1.3233192761187439e-11
FT~~w,7,18,2,1.9999999782692326,-2.1730767407746043e-08,True,2,0.0004487830155994743,solved,7.364109322338663e-12
FUZuw,7,14,2,2.236067976245542,0.236067976245542,False,3,0.0014738299942109734,solved,6.361563368947749e-10
FUZvW,7,14,2,2.236067950679898,0.23606795067989816,False,3,0.0013543670065701008,solved,1.5056088224303696e-09
FUZv_,7,13,3,2.99999998946173,-1.0538269812343515e-08,False,3,0.001013760978821665,solved,2.0743406992096425e-12
FUZvg,7,14,2,2.2360679755311814,0.23606797553118142,False,3,0.0013014170108363032,solved,1.1130536274433e-11
FUZvo,7,14,2,2.2360679737020264,0.23606797370202637,False,3,0.0013240350235719234,solved,2.2563722625927855e-09
FUZvw,7,15,2,2.236067978366952,0.23606797836695215,False,3,0.001366304000839591,solved,1.3278225452263903e-10
FUZ~o,7,15,2,2.2360679519885354,0.23606795198853536,False,3,0.0005697140004485846,solved,2.048505809426615e-11
FUZ~w,7,16,2,2.236067979095665,0.2360679790956648,False,3,0.0005315720045473427,solved,2.9460647837201474e-10
FUxuo,7,13,2,2.2360679833188186,0.23606798331881862,False,3,0.0018371299956925213,solved,6.7833828802963004e-09
FUxvO,7,13,2,1.999999999434272,-5.657279089632539e-10,True,2,0.0013151309976819903,solved,5.1514348342607263e-14
FUxv_,7,13,3,2.9999999977063085,-2.2936914589877233e-09,True,3,0.0008657079888507724,solved,7.495055090336889e-10
FUxvo,7,14,2,1.9999999984188181,-1.5811818521171972e-09,True,2,0.00148044599336572,solved,3.5083047578154947e-14
FUxvw,7,15,2,1.9999999944215645,-5.5784354913157586e-09,True,2,0.0015161249903030694,solved,3.551603455775876e-13
FUz]w,7,15,2,1.999999982072925,-1.792707493564194e-08,True,2,0.0013703959994018078,solved,1.176836406102666e-13
FUz^o,7,15,2,1.999999995777654,-4.222346028370794e-09,True,2,0.002396908006630838,solved,1.1435297153639112e-13
FUz^w,7,16,2,1.9999999990928854,-9.071146056527368e-10,True,2,0.0012611330021172762,solved,9.336975637097567e-14
FUzro,7,14,2,2.109916279550404,0.10991627955040384,False,3,0.0008417350181844085,solved,2.017848954865688e-09
FUzvW,7,15,2,1.9999999986965442,-1.3034557877489306e-09,True,2,0.001944676012499258,solved,3.1086244689504383e-15
FUzvo,7,15,2,1.9999999802857904,-1.9714209598120647e-08,True,2,0.0018913739768322557,solved,1.3528067555057532e-12
FUzvw,7,16,2,1.9999999994464766,-5.535234492981544e-10,True,2,0.0016852420230861753,solved,2.3647624833561272e-15
FUz~w,7,17,2,2.000000002937651,2.937651011336584e-09,True,2,0.0008382920059375465,solved,7.584986099074721e-10
FU~vW,7,16,2,1.9999999992084814,-7.915186284179754e-10,True,2,0.0009395100059919059,solved,1.0680345496894006e-13
FU~vo,7,16,2,2.0000000193982026,1.9398202599774095e-08,True,2,0.0007272580114658922,solved,3.485872627546694e-09
FU~vw,7,17,2,1.9999999984840156,-1.5159844490852947e-09,True,2,0.0005586580082308501,solved,6.907061693341505e-13
FU~~w,7,18,2,2.000000001624304,1.624303802572058e-09,True,2,0.0005078499962110072,solved,4.0188944401177234e-10
FV~~w,7,19,2,2.000000006810546,6.810545905011622e-09,True,2,0.00033552400418557227,solved,1.499165953700328e-09
F]y~w,7,17,2,2.0000000007836833,7.836833404439858e-10,True,2,0.0004500900104176253,solved,1.304149297238664e-10
F]zlw,7,16,2,2.00000000197557,1.9755699298684704e-09,True,2,0.0007113080064300448,solved,2.9479629199710705e-10
F]znW,7,16,2,1.9999999969199218,-3.0800781924966714e-09,True,2,0.0006057400023564696,solved,9.105376452822611e-10
F]zno,7,16,2,2.0000000003697336,3.6973357708802723e-10,True,2,0.0010022459900937974,solved,5.956717213348471e-11
F]znw,7,17,2,2.0000000007858336,7.858336203980798e-10,True,2,0.0005523519939742982,solved,1.471735233817906e-10
F]z~w,7,18,2,2.000000000083145,8.314504640338782e-11,True,2,0.0003108560049440712,solved,1.2056564557496651e-10
F]~vo,7,17,2,2.000000007013385,7.013384983878268e-09,True,2,0.0002703540085349232,solved,2.888058305385865e-09
F]~vw,7,18,2,1.9999999995505575,-4.494424832302002e-10,True,2,0.0002056680095847696,solved,5.886035641960878e-11
F]~~w,7,19,2,1.9999999980380547,-1.9619452729102704e-09,True,2,0.00022329197963699698,solved,1.944222560723574e-12
F^~~w,7,20,2,2.0000000008785856,8.78585648678154e-10,True,2,0.00023228197824209929,solved,1.7461037160621347e-10
F~~~w,7,21,1,1.0000000000000007,6.661338147750939e-16,True,1,8.827800047583878e-05,solved,6.661338147750939e-16
